Name,Kills,Map,MatchTeams
aspas,47,Lotus,SEN VS LEV
aspas,35,Ascent,C9 VS LEV
OXY,35,Ascent,C9 VS LEV
OXY,33,Sunset,C9 VS EG
aspas,31,Icebox,C9 VS LEV
QutionerX,31,Sunset,BBL VS TH
Lmemore,30,Icebox,BLD VS RRQ
hoody,30,Lotus,TL VS GX
kiNgg,30,Ascent,C9 VS LEV
johnqt,29,Lotus,SEN VS LEV
JitBoyS,29,Breeze,GE VS TLN
Meiy,29,Ascent,T1 VS DFM
benjyfishy,28,Sunset,VIT VS TH
kiNgg,28,Lotus,SEN VS LEV
OXY,27,Split,C9 VS EG
tomaszy,26,Sunset,KC VS GX
Cryocells,26,Icebox,SEN VS 100T
iZu,26,Breeze,T1 VS DRX
Derke,26,Breeze,M8 VS FNC
Xeppaa,26,Ascent,C9 VS LEV
mindfreak,26,Lotus,GEN VS PRX
Leo,26,Lotus,FNC VS TH
Jemkin,26,Icebox,TS VS RRQ
heat,26,Icebox,KRU VS FUR
Keiko,25,Lotus,TL VS GX
Less,25,Breeze,NRG VS LOUD
MiniBoo,25,Icebox,VIT VS TH
BuZz,25,Bind,T1 VS DRX
beyAz,25,Sunset,BBL VS M8
nataNk,25,Ascent,BBL VS M8
Mazino,25,Lotus,SEN VS LEV
Meiy,25,Lotus,GEN VS DFM
ANGE1,25,Bind,VIT VS NAVI
RieNs,25,Lotus,FNC VS TH
Meteor,24,Lotus,GEN VS PRX
Victor,24,Breeze,NRG VS FUR
keznit,24,Icebox,KRU VS FUR
Shao,24,Split,TL VS NAVI
NaturE,24,Lotus,G2 VS EG
Derke,24,Bind,FNC VS KOI
tomaszy,24,Sunset,KC VS NAVI
Kicks,24,Sunset,VIT VS TH
TakaS,24,Sunset,BBL VS M8
SugarZ3ro,24,Sunset,BLD VS ZETA
Lightningfast,24,Icebox,GE VS TLN
Carpe,24,Bind,T1 VS PRX
Alfajer,24,Lotus,FNC VS TH
xffero,23,Icebox,BLD VS RRQ
fl1pzjder,23,Breeze,TS VS RRQ
nzr,23,Lotus,KRU VS FUR
t3xture,23,Ascent,GEN VS TLN
benjyfishy,23,Sunset,BBL VS TH
Boo,23,Lotus,FNC VS TH
Mistic,23,Lotus,TL VS GX
Lightningfast,23,Icebox,GE VS ZETA
Foxy9,23,Sunset,TS VS DRX
neth,23,Sunset,T1 VS DFM
mwzera,23,Icebox,KRU VS FUR
Dep,23,Icebox,GE VS ZETA
Jremy,23,Split,TS VS RRQ
Zellsis,23,Lotus,SEN VS LEV
Elite,23,Sunset,BBL VS M8
marteen,23,Bind,KC VS FUT
keznit,23,Lotus,KRU VS FUR
Dep,23,Lotus,TS VS ZETA
Lmemore,23,Lotus,T1 VS RRQ
iZu,23,Lotus,T1 VS RRQ
yetujey,23,Lotus,KC VS FUT
Cloud,23,Ascent,TL VS GX
Rossy,22,Sunset,T1 VS DFM
Lightningfast,22,Breeze,GE VS TLN
f0rsakeN,22,Bind,T1 VS PRX
heat,22,Breeze,KRU VS FUR
ban,22,Lotus,GE VS TLN
RieNs,22,Breeze,VIT VS TH
sh1n,22,Bind,KC VS FUT
qRaxs,22,Ascent,VIT VS FUT
Cloud,22,Lotus,TL VS GX
tex,22,Ascent,C9 VS LEV
runneR,22,Icebox,VIT VS TH
Sacy,22,Icebox,SEN VS 100T
invy,22,Lotus,TS VS DRX
Sayf,22,Sunset,VIT VS FUT
MiniBoo,22,Breeze,VIT VS TH
Zest,22,Ascent,BLD VS ZETA
Jamppi,22,Ascent,TL VS GX
Keiko,22,Split,TL VS NAVI
SUYGETSU,22,Lotus,TL VS NAVI
MiniBoo,22,Sunset,VIT VS TH
something,22,Lotus,GEN VS PRX
sScary,22,Lotus,BLD VS TLN
Jremy,22,Icebox,TS VS RRQ
grubinho,22,Bind,FNC VS KOI
invy,22,Icebox,TS VS RRQ
Governor,22,Breeze,GE VS TLN
Jemkin,21,Split,TS VS RRQ
MaKo,21,Split,T1 VS DRX
Chronicle,21,Lotus,FNC VS TH
cNed,21,Breeze,KC VS FUT
Boaster,21,Lotus,FNC VS TH
cNed,21,Sunset,VIT VS FUT
f0rsakeN,21,Icebox,GEN VS PRX
Russ,21,Breeze,GE VS TLN
d4v41,21,Bind,T1 VS PRX
valyn,21,Lotus,G2 VS EG
benjyfishy,21,Lotus,FNC VS TH
Marved,21,Breeze,NRG VS LOUD
Jinggg,21,Bind,T1 VS PRX
nAts,21,Lotus,TL VS NAVI
jawgemo,21,Lotus,C9 VS EG
Demon1,21,Breeze,NRG VS FUR
aspas,21,Icebox,SEN VS LEV
nAts,21,Split,TL VS NAVI
Foxy9,21,Ascent,GE VS DRX
Munchkin,21,Icebox,GEN VS PRX
Sayf,21,Sunset,VIT VS TH
Alfajer,21,Split,FNC VS GX
runi,21,Ascent,C9 VS LEV
xccurate,21,Lotus,T1 VS PRX
Keiko,21,Icebox,TL VS FUT
Asuna,21,Split,G2 VS 100T
t3xture,21,Split,GEN VS DFM
ardiis,21,Sunset,KC VS NAVI
zekken,21,Icebox,SEN VS LEV
trexx,21,Icebox,VIT VS FUT
Enzo,20,Ascent,TL VS GX
Rossy,20,Ascent,T1 VS RRQ
Dep,20,Sunset,GE VS ZETA
nataNk,20,Sunset,BBL VS M8
t3xture,20,Lotus,GEN VS TLN
Elite,20,Sunset,BBL VS TH
keznit,20,Sunset,KRU VS MIBR
runi,20,Sunset,C9 VS LEV
Fit1nho,20,Sunset,KC VS GX
MaKo,20,Lotus,TS VS DRX
Jamppi,20,Split,KOI VS TL
Derke,20,Icebox,FNC VS KOI
zekken,20,Lotus,SEN VS LEV
Sayaplayer,20,Breeze,T1 VS DRX
Sacy,20,Lotus,SEN VS LEV
t3xture,20,Lotus,GEN VS PRX
nAts,20,Ascent,KOI VS TL
f0rsakeN,20,Lotus,T1 VS PRX
something,20,Bind,T1 VS PRX
yay,20,Lotus,BLD VS TLN
yay,20,Ascent,BLD VS ZETA
zekken,20,Split,SEN VS 100T
MaKo,20,Ascent,GE VS DRX
Fit1nho,20,Lotus,TL VS GX
Laz,20,Ascent,BLD VS ZETA
N4RRATE,20,Split,KC VS M8
JitBoyS,20,Bind,BLD VS TLN
MrFaliN,20,Ascent,VIT VS FUT
ceNder,20,Icebox,VIT VS TH
invy,20,Icebox,TS VS ZETA
MiniBoo,20,Lotus,FNC VS TH
something,20,Bind,GEN VS PRX
purp0,19,Sunset,KC VS GX
Laz,19,Ascent,GE VS ZETA
TenZ,19,Icebox,SEN VS LEV
keznit,19,Breeze,KRU VS FUR
Russ,19,Icebox,GE VS ZETA
Sayaplayer,19,Lotus,T1 VS RRQ
Sayaplayer,19,Ascent,T1 VS DFM
Jinggg,19,Lotus,T1 VS PRX
something,19,Icebox,GEN VS PRX
logaN,19,Icebox,KC VS M8
ban,19,Breeze,GE VS TLN
Sayaplayer,19,Lotus,T1 VS PRX
trent,19,Split,G2 VS 100T
ardiis,19,Split,TL VS NAVI
BORKUM,19,Breeze,TS VS RRQ
Jamppi,19,Lotus,TL VS NAVI
Zyppan,19,Split,KC VS NAVI
JitBoyS,19,Lotus,BLD VS TLN
Medusa,19,Ascent,T1 VS DFM
Polvi,19,Icebox,GE VS ZETA
MrFaliN,19,Icebox,TL VS FUT
N4RRATE,19,Sunset,KC VS GX
Laz,19,Sunset,BLD VS ZETA
Sayf,19,Breeze,VIT VS TH
QutionerX,19,Sunset,BBL VS M8
Demon1,19,Breeze,NRG VS LOUD
runneR,19,Bind,VIT VS NAVI
RieNs,19,Sunset,VIT VS TH
Mazino,19,Ascent,C9 VS LEV
cNed,19,Split,TL VS FUT
marteen,19,Bind,KC VS NAVI
N4RRATE,19,Bind,KC VS NAVI
Chronicle,19,Split,FNC VS GX
BORKUM,19,Icebox,TS VS ZETA
purp0,19,Lotus,TL VS GX
N4RRATE,19,Icebox,KC VS M8
benjyfishy,19,Icebox,FNC VS TH
yuran,19,Lotus,TS VS ZETA
moose,19,Ascent,C9 VS LEV
Demon1,19,Sunset,NRG VS LOUD
MiniBoo,19,Icebox,FNC VS TH
trexx,19,Sunset,VIT VS FUT
SugarZ3ro,19,Lotus,TS VS ZETA
nAts,19,Icebox,TL VS GX
Chronicle,19,Lotus,M8 VS FNC
qRaxs,19,Lotus,KC VS FUT
xccurate,19,Lotus,T1 VS RRQ
BuZz,19,Split,T1 VS DRX
yetujey,18,Bind,KC VS FUT
Jinggg,18,Icebox,GEN VS PRX
cNed,18,Lotus,KC VS FUT
Deryeon,18,Sunset,BLD VS ZETA
pAura,18,Sunset,BBL VS M8
runneR,18,Icebox,VIT VS FUT
Sayaplayer,18,Ascent,T1 VS RRQ
yetujey,18,Icebox,TL VS FUT
xccurate,18,Bind,T1 VS PRX
BuZz,18,Ascent,GE VS DRX
BORKUM,18,Icebox,TS VS RRQ
BORKUM,18,Sunset,TS VS ZETA
Rossy,18,Bind,T1 VS PRX
Elite,18,Ascent,BBL VS M8
NaturE,18,Lotus,C9 VS EG
Sayf,18,Icebox,VIT VS FUT
Cryocells,18,Bind,G2 VS 100T
supamen,18,Lotus,C9 VS EG
Brave,18,Icebox,BBL VS KOI
Kicks,18,Icebox,VIT VS TH
Brave,18,Split,BBL VS TH
Jinggg,18,Lotus,GEN VS PRX
Keiko,18,Icebox,TL VS GX
Fit1nho,18,Breeze,FNC VS GX
crashies,18,Breeze,NRG VS LOUD
Enzo,18,Lotus,TL VS GX
Meiy,18,Sunset,T1 VS DFM
Karon,18,Icebox,GEN VS PRX
havoc,18,Icebox,KRU VS FUR
BuZz,18,Breeze,T1 VS DRX
MaKo,18,Breeze,T1 VS DRX
valyn,18,Icebox,G2 VS EG
TenZ,18,Lotus,SEN VS LEV
ban,18,Ascent,GEN VS TLN
MaKo,18,Bind,T1 VS DRX
Russ,18,Ascent,GE VS ZETA
Derke,18,Lotus,FNC VS TH
NDG,18,Icebox,TS VS RRQ
eeiu,18,Bind,G2 VS 100T
Laz,18,Icebox,GE VS ZETA
nAts,18,Split,KOI VS TL
Benkai,18,Breeze,GE VS TLN
Zyppan,18,Lotus,TL VS NAVI
Chronicle,18,Bind,FNC VS KOI
Laz,18,Lotus,BLD VS ZETA
Cloud,18,Sunset,KC VS GX
tomaszy,18,Split,KC VS M8
MAGNUM,18,Icebox,KC VS M8
keznit,18,Icebox,KRU VS MIBR
kiNgg,18,Icebox,SEN VS LEV
something,18,Lotus,T1 VS PRX
trexx,18,Breeze,VIT VS TH
Leo,18,Breeze,M8 VS FNC
BuZz,18,Lotus,TS VS DRX
QutionerX,18,Split,BBL VS TH
Alfajer,18,Icebox,FNC VS KOI
tex,17,Lotus,SEN VS LEV
xffero,17,Breeze,TS VS RRQ
MrFaliN,17,Sunset,VIT VS FUT
JonahP,17,Lotus,G2 VS EG
Jremy,17,Lotus,TS VS ZETA
Shao,17,Sunset,KC VS NAVI
bang,17,Icebox,SEN VS 100T
heat,17,Sunset,KRU VS MIBR
Meiy,17,Lotus,T1 VS DFM
Keiko,17,Lotus,TL VS NAVI
yuran,17,Ascent,BLD VS ZETA
AtaKaptan,17,Breeze,KC VS FUT
tomaszy,17,Split,KC VS NAVI
BuZz,17,Lotus,GE VS DRX
Elite,17,Icebox,BBL VS KOI
ban,17,Lotus,BLD VS TLN
sheydos,17,Ascent,KOI VS TL
Lmemore,17,Breeze,TS VS RRQ
Shao,17,Lotus,VIT VS NAVI
Elite,17,Breeze,BBL VS KOI
ban,17,Lotus,GEN VS TLN
sh1n,17,Split,KC VS M8
Demon1,17,Split,NRG VS FUR
Crws,17,Lotus,GEN VS TLN
Karon,17,Lotus,GEN VS TLN
Russ,17,Ascent,GE VS DRX
mindfreak,17,Lotus,T1 VS PRX
d4v41,17,Icebox,GEN VS PRX
paTiTek,17,Lotus,FNC VS TH
bang,17,Bind,G2 VS 100T
NDG,17,Icebox,TS VS ZETA
pAura,17,Ascent,BBL VS M8
Apoth,17,Sunset,C9 VS EG
runneR,17,Lotus,VIT VS NAVI
paTiTek,17,Sunset,BBL VS TH
yuran,17,Ascent,GE VS ZETA
cNed,17,Bind,KC VS FUT
ceNder,17,Breeze,VIT VS TH
sheydos,17,Split,KOI VS TL
Enzo,17,Ascent,TL VS NAVI
Zyppan,17,Ascent,TL VS NAVI
ANGE1,17,Split,KC VS NAVI
Mistic,17,Split,TL VS NAVI
Leo,17,Bind,FNC VS KOI
Alfajer,17,Lotus,M8 VS FNC
Sayf,17,Bind,VIT VS NAVI
mwzera,17,Breeze,NRG VS FUR
runneR,17,Sunset,VIT VS TH
N4RRATE,17,Breeze,KC VS GX
stax,17,Bind,T1 VS DRX
Governor,17,Lotus,GEN VS TLN
leaf,17,Lotus,G2 VS EG
Sayaplayer,17,Lotus,T1 VS DFM
SugarZ3ro,17,Ascent,GE VS ZETA
valyn,17,Bind,G2 VS 100T
Karon,17,Lotus,GEN VS DFM
Dep,17,Sunset,TS VS ZETA
trent,17,Lotus,G2 VS EG
tomaszy,17,Bind,KC VS NAVI
Munchkin,17,Lotus,GEN VS TLN
xffero,17,Icebox,TS VS RRQ
Governor,17,Icebox,BLD VS TLN
C0M,17,Lotus,SEN VS LEV
runi,17,Lotus,C9 VS EG
invy,17,Split,TS VS RRQ
SUYGETSU,17,Lotus,VIT VS NAVI
icy,17,Bind,G2 VS 100T
Mazino,17,Icebox,C9 VS LEV
stax,16,Lotus,GE VS DRX
kamo,16,Icebox,BBL VS KOI
BeYN,16,Lotus,TS VS DRX
Jemkin,16,Lotus,T1 VS RRQ
frz,16,Sunset,KRU VS MIBR
Keiko,16,Ascent,KOI VS TL
Cryocells,16,Split,G2 VS 100T
Benkai,16,Icebox,GE VS ZETA
SugarZ3ro,16,Icebox,TS VS ZETA
yuran,16,Lotus,BLD VS ZETA
ardiis,16,Ascent,TL VS NAVI
blaZek1ng,16,Lotus,GE VS TLN
Lightningfast,16,Ascent,GE VS DRX
Medusa,16,Sunset,T1 VS DFM
Redgar,16,Ascent,TL VS GX
BeYN,16,Sunset,TS VS DRX
Sayaplayer,16,Bind,T1 VS PRX
Klaus,16,Icebox,KRU VS MIBR
trent,16,Bind,G2 VS 100T
Mistic,16,Lotus,TL VS NAVI
Meiy,16,Split,GEN VS DFM
Meteor,16,Lotus,GEN VS TLN
Victor,16,Split,NRG VS FUR
Polvi,16,Breeze,GE VS TLN
Lakia,16,Lotus,GEN VS PRX
Polvi,16,Icebox,GE VS TLN
Dep,16,Icebox,TS VS ZETA
trent,16,Icebox,G2 VS EG
Lakia,16,Ascent,GEN VS TLN
Boaster,16,Bind,FNC VS GX
Asuna,16,Split,SEN VS 100T
purp0,16,Ascent,TL VS GX
nataNk,16,Breeze,M8 VS FNC
yetujey,16,Icebox,VIT VS FUT
Zellsis,16,Icebox,SEN VS LEV
Russ,16,Lotus,GE VS DRX
sScary,16,Icebox,BLD VS RRQ
iZu,16,Sunset,T1 VS DFM
pAura,16,Breeze,BBL VS KOI
cNed,16,Icebox,VIT VS FUT
Xeppaa,16,Lotus,C9 VS EG
Derke,16,Lotus,M8 VS FNC
Deryeon,16,Ascent,BLD VS ZETA
Lakia,16,Icebox,GEN VS PRX
Polvi,16,Ascent,GE VS DRX
Keiko,16,Ascent,TL VS GX
BeYN,16,Breeze,T1 VS DRX
sScary,16,Lotus,BLD VS ZETA
Jremy,16,Lotus,TS VS DRX
tomaszy,16,Icebox,KC VS M8
saadhak,16,Breeze,NRG VS LOUD
Jremy,16,Breeze,TS VS RRQ
JonahP,16,Icebox,G2 VS EG
SUYGETSU,16,Split,KC VS NAVI
mindfreak,16,Bind,GEN VS PRX
paTiTek,16,Sunset,VIT VS TH
Keiko,16,Split,KOI VS TL
f0rsakeN,16,Bind,GEN VS PRX
ceNder,16,Icebox,VIT VS FUT
Zyppan,16,Lotus,VIT VS NAVI
iZu,16,Lotus,T1 VS DFM
Retla,16,Sunset,BLD VS ZETA
JessieVash,16,Sunset,TS VS DRX
kamo,16,Bind,FNC VS KOI
Mistic,16,Ascent,KOI VS TL
Munchkin,16,Lotus,GEN VS DFM
C0M,16,Icebox,SEN VS LEV
sh1n,16,Lotus,KC VS FUT
tuyz,16,Breeze,NRG VS LOUD
trexx,16,Icebox,VIT VS TH
SUYGETSU,16,Split,TL VS NAVI
Zest,16,Sunset,BLD VS ZETA
OXY,16,Icebox,C9 VS LEV
nAts,16,Lotus,TL VS GX
OXY,16,Lotus,C9 VS EG
nataNk,16,Lotus,M8 VS FNC
MrFaliN,16,Bind,KC VS FUT
Redgar,16,Breeze,FNC VS GX
Lmemore,16,Icebox,TS VS RRQ
qRaxs,16,Icebox,TL VS FUT
Xeppaa,16,Sunset,C9 VS LEV
Governor,16,Bind,BLD VS TLN
Fit1nho,16,Icebox,TL VS GX
heat,16,Lotus,KRU VS FUR
crashies,16,Sunset,NRG VS LOUD
BuZz,16,Sunset,TS VS DRX
ceNder,15,Sunset,VIT VS TH
Estrella,15,Breeze,TS VS RRQ
grubinho,15,Split,KOI VS TL
Lightningfast,15,Ascent,GE VS ZETA
hiroronn,15,Icebox,GE VS ZETA
Enzo,15,Icebox,TL VS FUT
SugarZ3ro,15,Ascent,BLD VS ZETA
Shao,15,Lotus,TL VS NAVI
jzz,15,Icebox,KRU VS MIBR
ShadoW,15,Ascent,KOI VS TL
Derke,15,Bind,FNC VS GX
nataNk,15,Split,KC VS M8
xccurate,15,Breeze,T1 VS DRX
runi,15,Sunset,C9 VS EG
NDG,15,Breeze,TS VS RRQ
AtaKaptan,15,Icebox,VIT VS FUT
Retla,15,Ascent,BLD VS ZETA
Anthem,15,Sunset,T1 VS DFM
yetujey,15,Sunset,VIT VS FUT
xffero,15,Split,TS VS RRQ
Alfajer,15,Breeze,FNC VS GX
nataNk,15,Icebox,KC VS M8
Surf,15,Breeze,GE VS TLN
Dep,15,Ascent,GE VS ZETA
cNed,15,Icebox,TL VS FUT
Melser,15,Sunset,KRU VS MIBR
yay,15,Bind,BLD VS TLN
Boo,15,Breeze,VIT VS TH
Sayf,15,Icebox,VIT VS TH
mindfreak,15,Icebox,GEN VS PRX
invy,15,Sunset,TS VS DRX
d4v41,15,Lotus,T1 VS PRX
Benkai,15,Lotus,GE VS DRX
Laz,15,Icebox,TS VS ZETA
N4RRATE,15,Lotus,KC VS FUT
Jamppi,15,Lotus,TL VS GX
johnqt,15,Icebox,SEN VS 100T
cNed,15,Ascent,VIT VS FUT
Melser,15,Lotus,KRU VS FUR
lenne,15,Ascent,GEN VS TLN
trexx,15,Ascent,VIT VS FUT
t3xture,15,Icebox,GEN VS PRX
Shyy,15,Breeze,KRU VS FUR
ANGE1,15,Ascent,TL VS NAVI
MrFaliN,15,Icebox,VIT VS FUT
iZu,15,Ascent,T1 VS DFM
Alfajer,15,Bind,FNC VS GX
TenZ,15,Icebox,SEN VS 100T
ban,15,Icebox,BLD VS TLN
purp0,15,Breeze,FNC VS GX
Derrek,15,Lotus,C9 VS EG
RieNs,15,Icebox,VIT VS TH
Foxy9,15,Lotus,TS VS DRX
vanity,15,Ascent,C9 VS LEV
leaf,15,Icebox,G2 VS EG
ardiis,15,Split,KC VS NAVI
Foxy9,15,Lotus,GE VS DRX
Shao,15,Ascent,TL VS NAVI
ANGE1,15,Sunset,KC VS NAVI
ardiis,15,Bind,KC VS NAVI
eeiu,15,Split,G2 VS 100T
Quick,15,Breeze,NRG VS LOUD
johnqt,15,Split,SEN VS 100T
sScary,15,Bind,BLD VS TLN
nzr,15,Breeze,NRG VS FUR
Jinggg,15,Bind,GEN VS PRX
Chronicle,15,Breeze,M8 VS FNC
sScary,15,Ascent,BLD VS ZETA
yuran,15,Icebox,GE VS ZETA
Elite,15,Split,BBL VS TH
Marved,15,Split,NRG VS FUR
marteen,15,Breeze,KC VS GX
sh1n,15,Breeze,KC VS GX
Alfajer,15,Bind,FNC VS KOI
Carpe,15,Lotus,T1 VS DFM
fl1pzjder,15,Icebox,TS VS RRQ
Surf,15,Bind,BLD VS TLN
ceNder,15,Sunset,VIT VS FUT
QutionerX,15,Icebox,BBL VS KOI
marteen,14,Split,KC VS NAVI
Anthem,14,Split,GEN VS DFM
beyAz,14,Split,KC VS M8
marteen,14,Icebox,KC VS M8
kon4n,14,Breeze,NRG VS FUR
Surf,14,Icebox,BLD VS TLN
invy,14,Sunset,TS VS ZETA
artzin,14,Icebox,KRU VS MIBR
Redgar,14,Icebox,TL VS GX
Jemkin,14,Lotus,BLD VS RRQ
leaf,14,Split,G2 VS 100T
pAura,14,Sunset,BBL VS TH
JessieVash,14,Icebox,TS VS ZETA
Lightningfast,14,Lotus,GE VS TLN
runneR,14,Breeze,VIT VS TH
Deryeon,14,Lotus,BLD VS ZETA
Lakia,14,Lotus,GEN VS DFM
marteen,14,Split,KC VS M8
tomaszy,14,Bind,KC VS FUT
hiroronn,14,Lotus,BLD VS ZETA
JessieVash,14,Breeze,TS VS RRQ
reazy,14,Split,BBL VS TH
TenZ,14,Split,SEN VS 100T
Jamppi,14,Icebox,TL VS FUT
Dep,14,Lotus,BLD VS ZETA
Khalil,14,Lotus,KRU VS FUR
Dep,14,Sunset,BLD VS ZETA
stax,14,Split,T1 VS DRX
JessieVash,14,Sunset,TS VS ZETA
Cryocells,14,Split,SEN VS 100T
Meteor,14,Split,GEN VS DFM
Jremy,14,Sunset,TS VS ZETA
crashies,14,Split,NRG VS FUR
yetujey,14,Breeze,KC VS FUT
Boostio,14,Bind,G2 VS 100T
hiroronn,14,Sunset,GE VS ZETA
Jemkin,14,Breeze,TS VS RRQ
stax,14,Breeze,T1 VS DRX
Jremy,14,Icebox,TS VS ZETA
Leo,14,Icebox,FNC VS TH
Russ,14,Icebox,GE VS TLN
kon4n,14,Icebox,KRU VS FUR
bang,14,Split,G2 VS 100T
Chronicle,14,Icebox,FNC VS KOI
Leo,14,Icebox,FNC VS KOI
MAGNUM,14,Breeze,KC VS FUT
moose,14,Icebox,C9 VS LEV
jawgemo,14,Sunset,C9 VS EG
Zellsis,14,Split,SEN VS 100T
ceNder,14,Bind,VIT VS NAVI
Mistic,14,Ascent,TL VS GX
kiNgg,14,Sunset,C9 VS LEV
JitBoyS,14,Lotus,GE VS TLN
Jemkin,14,Icebox,BLD VS RRQ
sh1n,14,Sunset,KC VS GX
Klaus,14,Sunset,KRU VS MIBR
MaKo,14,Lotus,GE VS DRX
Sayf,14,Ascent,VIT VS FUT
nAts,14,Icebox,TL VS FUT
Estrella,14,Icebox,TS VS RRQ
Mistic,14,Split,KOI VS TL
Xeppaa,14,Sunset,C9 VS EG
hiroronn,14,Sunset,TS VS ZETA
purp0,14,Split,FNC VS GX
Sacy,14,Split,SEN VS 100T
AtaKaptan,14,Split,TL VS FUT
starxo,14,Bind,FNC VS KOI
hiroronn,14,Sunset,BLD VS ZETA
Apoth,14,Lotus,G2 VS EG
Carpe,14,Ascent,T1 VS DFM
heat,14,Icebox,KRU VS MIBR
marteen,14,Breeze,KC VS FUT
Benkai,14,Ascent,GE VS ZETA
NDG,14,Lotus,TS VS ZETA
N4RRATE,14,Sunset,KC VS NAVI
artzin,14,Sunset,KRU VS MIBR
Khalil,14,Icebox,KRU VS FUR
ban,14,Bind,BLD VS TLN
yay,14,Icebox,BLD VS TLN
Laz,14,Sunset,TS VS ZETA
MAGNUM,14,Split,KC VS NAVI
Zyppan,14,Split,TL VS NAVI
RgLMeister,14,Sunset,KRU VS MIBR
Sayaplayer,14,Sunset,T1 VS DFM
xffero,14,Lotus,T1 VS RRQ
Victor,14,Breeze,NRG VS LOUD
f0rsakeN,14,Lotus,GEN VS PRX
runneR,14,Sunset,VIT VS FUT
logaN,14,Breeze,M8 VS FNC
AtaKaptan,14,Icebox,TL VS FUT
jzz,14,Sunset,KRU VS MIBR
zekken,14,Icebox,SEN VS 100T
Governor,14,Icebox,GE VS TLN
t3xture,14,Lotus,GEN VS DFM
Deryeon,14,Icebox,BLD VS TLN
NDG,14,Split,TS VS RRQ
iZu,14,Lotus,T1 VS PRX
Lakia,14,Lotus,GEN VS TLN
Munchkin,14,Split,GEN VS DFM
ANGE1,14,Split,TL VS NAVI
NaturE,14,Icebox,G2 VS EG
Governor,14,Lotus,GE VS TLN
kamo,14,Split,KOI VS TL
blaZek1ng,14,Ascent,GE VS ZETA
neth,13,Lotus,T1 VS DFM
Kicks,13,Sunset,VIT VS FUT
JitBoyS,13,Icebox,BLD VS TLN
tex,13,Icebox,C9 VS LEV
Medusa,13,Lotus,T1 VS DFM
starxo,13,Breeze,BBL VS KOI
Estrella,13,Lotus,T1 VS RRQ
xccurate,13,Bind,T1 VS DRX
mindfreak,13,Bind,T1 VS PRX
ardiis,13,Bind,VIT VS NAVI
Carpe,13,Lotus,T1 VS RRQ
ceNder,13,Ascent,VIT VS FUT
ShadoW,13,Split,KOI VS TL
Rossy,13,Ascent,T1 VS DFM
Jemkin,13,Ascent,T1 VS RRQ
blaZek1ng,13,Breeze,GE VS TLN
Melser,13,Icebox,KRU VS FUR
benjyfishy,13,Icebox,VIT VS TH
Xeppaa,13,Icebox,C9 VS LEV
Boo,13,Sunset,BBL VS TH
paTiTek,13,Split,BBL VS TH
xccurate,13,Lotus,T1 VS DFM
logaN,13,Split,KC VS M8
nAts,13,Ascent,TL VS GX
NDG,13,Sunset,TS VS ZETA
C0M,13,Ascent,C9 VS LEV
JitBoyS,13,Ascent,GEN VS TLN
Crws,13,Breeze,GE VS TLN
TakaS,13,Ascent,BBL VS M8
mwzera,13,Breeze,KRU VS FUR
sScary,13,Sunset,BLD VS ZETA
sheydos,13,Bind,FNC VS KOI
BORKUM,13,Split,TS VS RRQ
xffero,13,Lotus,BLD VS RRQ
Cloud,13,Breeze,FNC VS GX
SUYGETSU,13,Sunset,KC VS NAVI
moose,13,Lotus,C9 VS EG
qRaxs,13,Bind,KC VS FUT
Jamppi,13,Ascent,KOI VS TL
stax,13,Lotus,TS VS DRX
Deryeon,13,Lotus,BLD VS TLN
moose,13,Split,C9 VS EG
Estrella,13,Lotus,BLD VS RRQ
beyAz,13,Ascent,BBL VS M8
SugarZ3ro,13,Lotus,BLD VS ZETA
Zest,13,Lotus,BLD VS ZETA
OXY,13,Sunset,C9 VS LEV
Klaus,13,Breeze,KRU VS FUR
Kicks,13,Breeze,VIT VS TH
Zyppan,13,Bind,KC VS NAVI
trexx,13,Bind,VIT VS NAVI
qRaxs,13,Split,TL VS FUT
purp0,13,Bind,FNC VS GX
Crws,13,Bind,BLD VS TLN
Enzo,13,Split,KOI VS TL
Laz,13,Sunset,GE VS ZETA
grubinho,13,Icebox,FNC VS KOI
Derke,13,Icebox,FNC VS TH
SSeeS,13,Ascent,T1 VS DFM
hoody,13,Breeze,FNC VS GX
Meteor,13,Lotus,GEN VS DFM
Rossy,13,Bind,T1 VS DRX
Victor,13,Sunset,NRG VS LOUD
Medusa,13,Split,GEN VS DFM
Zellsis,13,Icebox,SEN VS 100T
Shao,13,Bind,VIT VS NAVI
hiroronn,13,Icebox,TS VS ZETA
paTiTek,13,Icebox,FNC VS TH
Boo,13,Icebox,FNC VS TH
Wailers,13,Ascent,BBL VS M8
vanity,13,Sunset,C9 VS LEV
Xeppaa,13,Split,C9 VS EG
Leo,13,Split,FNC VS GX
Ethan,13,Breeze,NRG VS FUR
Shyy,13,Sunset,KRU VS MIBR
Retla,13,Lotus,BLD VS ZETA
pAura,13,Split,BBL VS TH
leaf,13,Bind,G2 VS 100T
Leo,13,Bind,FNC VS GX
bang,12,Split,SEN VS 100T
Carpe,12,Ascent,T1 VS RRQ
Rossy,12,Lotus,T1 VS PRX
invy,12,Lotus,TS VS ZETA
xccurate,12,Ascent,T1 VS RRQ
Lmemore,12,Lotus,BLD VS RRQ
Klaus,12,Lotus,KRU VS FUR
aspas,12,Sunset,C9 VS LEV
MiniBoo,12,Split,BBL VS TH
Mistic,12,Icebox,TL VS GX
stax,12,Sunset,TS VS DRX
SUYGETSU,12,Bind,KC VS NAVI
Brave,12,Ascent,BBL VS M8
vanity,12,Sunset,C9 VS EG
Foxy9,12,Split,T1 VS DRX
Laz,12,Lotus,TS VS ZETA
Jremy,12,Sunset,TS VS DRX
valyn,12,Split,G2 VS 100T
runi,12,Split,C9 VS EG
reazy,12,Sunset,BBL VS M8
Marved,12,Sunset,NRG VS LOUD
MaKo,12,Sunset,TS VS DRX
yay,12,Icebox,BLD VS RRQ
Enzo,12,Split,TL VS NAVI
tomaszy,12,Breeze,KC VS GX
BeYN,12,Lotus,GE VS DRX
Jamppi,12,Icebox,TL VS GX
SugarZ3ro,12,Icebox,GE VS ZETA
Meteor,12,Icebox,GEN VS PRX
Munchkin,12,Lotus,GEN VS PRX
Derke,12,Split,FNC VS GX
Anthem,12,Ascent,T1 VS DFM
Chronicle,12,Bind,FNC VS GX
sh1n,12,Split,KC VS NAVI
Derrek,12,Sunset,C9 VS EG
supamen,12,Lotus,G2 VS EG
Kicks,12,Bind,VIT VS NAVI
Boaster,12,Breeze,M8 VS FNC
cauanzin,12,Breeze,NRG VS LOUD
Keiko,12,Split,TL VS FUT
MrFaliN,12,Breeze,KC VS FUT
SSeeS,12,Sunset,T1 VS DFM
NDG,12,Sunset,TS VS DRX
Melser,12,Breeze,KRU VS FUR
neth,12,Ascent,T1 VS DFM
Shyy,12,Icebox,KRU VS FUR
sh1n,12,Icebox,KC VS M8
reazy,12,Breeze,BBL VS KOI
Karon,12,Bind,GEN VS PRX
Kicks,12,Ascent,VIT VS FUT
N4RRATE,12,Breeze,KC VS FUT
Retla,12,Bind,BLD VS TLN
Fit1nho,12,Breeze,KC VS GX
yuran,12,Sunset,TS VS ZETA
tex,12,Icebox,SEN VS LEV
Zyppan,12,Bind,VIT VS NAVI
Boo,12,Split,BBL VS TH
AtaKaptan,12,Lotus,KC VS FUT
Enzo,12,Lotus,TL VS NAVI
BORKUM,12,Lotus,TS VS DRX
Carpe,12,Lotus,T1 VS PRX
Derrek,12,Lotus,G2 VS EG
Cloud,12,Breeze,KC VS GX
sScary,12,Lotus,BLD VS RRQ
xccurate,12,Sunset,T1 VS DFM
Apoth,12,Lotus,C9 VS EG
kiNgg,12,Icebox,C9 VS LEV
Melser,12,Icebox,KRU VS MIBR
Retla,12,Lotus,BLD VS TLN
BeYN,11,Ascent,GE VS DRX
Chronicle,11,Breeze,FNC VS GX
t3xture,11,Bind,GEN VS PRX
Shyy,11,Icebox,KRU VS MIBR
Shao,11,Bind,KC VS NAVI
MrFaliN,11,Split,TL VS FUT
Khalil,11,Breeze,NRG VS FUR
Meteor,11,Bind,GEN VS PRX
yuran,11,Icebox,TS VS ZETA
Jamppi,11,Ascent,TL VS NAVI
moose,11,Sunset,C9 VS EG
Zyppan,11,Sunset,KC VS NAVI
AtaKaptan,11,Ascent,VIT VS FUT
yetujey,11,Split,TL VS FUT
ShadoW,11,Icebox,FNC VS KOI
Sayaplayer,11,Bind,T1 VS DRX
iZu,11,Ascent,T1 VS RRQ
xffero,11,Ascent,T1 VS RRQ
Brave,11,Sunset,BBL VS TH
tomaszy,11,Breeze,KC VS FUT
logaN,11,Ascent,BBL VS M8
SUYGETSU,11,Ascent,TL VS NAVI
Lmemore,11,Ascent,T1 VS RRQ
MAGNUM,11,Bind,KC VS FUT
SUYGETSU,11,Bind,VIT VS NAVI
frz,11,Icebox,KRU VS MIBR
d4v41,11,Lotus,GEN VS PRX
hoody,11,Ascent,TL VS GX
havoc,11,Breeze,NRG VS FUR
Karon,11,Ascent,GEN VS TLN
Benkai,11,Icebox,GE VS TLN
Fit1nho,11,Ascent,TL VS GX
hoody,11,Icebox,TL VS GX
Mazino,11,Icebox,SEN VS LEV
nzr,11,Icebox,KRU VS FUR
Asuna,11,Icebox,SEN VS 100T
Jamppi,11,Split,TL VS NAVI
mazin,11,Sunset,KRU VS MIBR
yuran,11,Sunset,BLD VS ZETA
RieNs,11,Split,BBL VS TH
Munchkin,11,Bind,GEN VS PRX
Meteor,11,Ascent,GEN VS TLN
hoody,11,Breeze,KC VS GX
Munchkin,11,Ascent,GEN VS TLN
Marved,11,Breeze,NRG VS FUR
Carpe,11,Sunset,T1 VS DFM
Shyy,11,Lotus,KRU VS FUR
Less,11,Sunset,NRG VS LOUD
JonahP,11,Bind,G2 VS 100T
marteen,11,Sunset,KC VS NAVI
MAGNUM,11,Sunset,KC VS NAVI
qRaxs,11,Icebox,VIT VS FUT
ShadoW,11,Bind,FNC VS KOI
Apoth,11,Split,C9 VS EG
sScary,11,Icebox,BLD VS TLN
BORKUM,11,Lotus,TS VS ZETA
Sayf,11,Lotus,VIT VS NAVI
BeYN,11,Bind,T1 VS DRX
RieNs,11,Sunset,BBL VS TH
blaZek1ng,11,Lotus,GE VS DRX
Rossy,11,Lotus,T1 VS DFM
AtaKaptan,11,Bind,KC VS FUT
Carpe,11,Split,T1 VS DRX
hoody,11,Split,FNC VS GX
ardiis,11,Lotus,TL VS NAVI
hoody,11,Bind,FNC VS GX
invy,11,Breeze,TS VS RRQ
Deryeon,11,Bind,BLD VS TLN
paTiTek,11,Icebox,VIT VS TH
JessieVash,11,Icebox,TS VS RRQ
eeiu,11,Icebox,SEN VS 100T
mwzera,10,Lotus,KRU VS FUR
JessieVash,10,Lotus,TS VS DRX
MAGNUM,10,Lotus,KC VS FUT
crashies,10,Breeze,NRG VS FUR
TakaS,10,Icebox,KC VS M8
Mistic,10,Icebox,TL VS FUT
icy,10,Lotus,G2 VS EG
iZu,10,Bind,T1 VS PRX
marteen,10,Lotus,KC VS FUT
benjyfishy,10,Breeze,VIT VS TH
C0M,10,Sunset,C9 VS LEV
nzr,10,Breeze,KRU VS FUR
Dep,10,Ascent,BLD VS ZETA
Enzo,10,Split,TL VS FUT
Brave,10,Sunset,BBL VS M8
vanity,10,Icebox,C9 VS LEV
SugarZ3ro,10,Sunset,GE VS ZETA
havoc,10,Breeze,KRU VS FUR
Asuna,10,Bind,G2 VS 100T
xccurate,10,Ascent,T1 VS DFM
JitBoyS,10,Icebox,GE VS TLN
benjyfishy,10,Split,BBL VS TH
Foxy9,10,Breeze,T1 VS DRX
nAts,10,Split,TL VS FUT
Boo,10,Icebox,VIT VS TH
nAts,10,Ascent,TL VS NAVI
Zest,10,Icebox,BLD VS RRQ
havoc,10,Lotus,KRU VS FUR
Fit1nho,10,Bind,FNC VS GX
Lakia,10,Bind,GEN VS PRX
Keiko,10,Ascent,TL VS NAVI
Lmemore,10,Split,TS VS RRQ
yuran,10,Sunset,GE VS ZETA
supamen,10,Sunset,C9 VS EG
kon4n,10,Lotus,KRU VS FUR
Jamppi,10,Split,TL VS FUT
Lakia,10,Split,GEN VS DFM
MAGNUM,10,Split,KC VS M8
MAGNUM,10,Sunset,KC VS GX
Karon,10,Split,GEN VS DFM
Brave,10,Breeze,BBL VS KOI
purp0,10,Icebox,TL VS GX
starxo,10,Ascent,KOI VS TL
Rossy,10,Lotus,T1 VS RRQ
Mistic,10,Split,TL VS FUT
hiroronn,10,Lotus,TS VS ZETA
JessieVash,10,Split,TS VS RRQ
starxo,10,Icebox,FNC VS KOI
qRaxs,10,Breeze,KC VS FUT
havoc,10,Split,NRG VS FUR
ShadoW,10,Breeze,BBL VS KOI
fl1pzjder,10,Lotus,BLD VS RRQ
BeYN,10,Split,T1 VS DRX
Crws,10,Lotus,BLD VS TLN
nzr,10,Split,NRG VS FUR
eeiu,10,Split,SEN VS 100T
Zest,10,Lotus,BLD VS TLN
Wailers,10,Sunset,BBL VS M8
MAGNUM,10,Breeze,KC VS GX
Leo,10,Lotus,M8 VS FNC
SSeeS,10,Lotus,T1 VS DFM
Khalil,10,Breeze,KRU VS FUR
Sayaplayer,10,Split,T1 VS DRX
Ethan,10,Breeze,NRG VS LOUD
Crws,10,Icebox,BLD VS TLN
reazy,10,Sunset,BBL VS TH
Enzo,10,Icebox,TL VS GX
hoody,10,Sunset,KC VS GX
qRaxs,10,Sunset,VIT VS FUT
Rossy,9,Split,T1 VS DRX
d4v41,9,Bind,GEN VS PRX
yay,9,Lotus,BLD VS ZETA
logaN,9,Lotus,M8 VS FNC
Zest,9,Bind,BLD VS TLN
Medusa,9,Lotus,GEN VS DFM
Leo,9,Breeze,FNC VS GX
blaZek1ng,9,Sunset,GE VS ZETA
sheydos,9,Icebox,BBL VS KOI
Retla,9,Lotus,BLD VS RRQ
kamo,9,Ascent,KOI VS TL
cauanzin,9,Sunset,NRG VS LOUD
Deryeon,9,Icebox,BLD VS RRQ
NaturE,9,Split,C9 VS EG
vanity,9,Split,C9 VS EG
C0M,9,Icebox,C9 VS LEV
Anthem,9,Lotus,GEN VS DFM
logaN,9,Sunset,BBL VS M8
Shao,9,Split,KC VS NAVI
hiroronn,9,Ascent,GE VS ZETA
RieNs,9,Icebox,FNC VS TH
Ethan,9,Sunset,NRG VS LOUD
Lightningfast,9,Lotus,GE VS DRX
Crws,9,Lotus,GE VS TLN
BORKUM,9,Sunset,TS VS DRX
grubinho,9,Breeze,BBL VS KOI
Boaster,9,Lotus,M8 VS FNC
Chronicle,9,Icebox,FNC VS TH
neth,9,Lotus,GEN VS DFM
Zest,9,Icebox,BLD VS TLN
N4RRATE,9,Bind,KC VS FUT
Crws,9,Icebox,GE VS TLN
jawgemo,9,Icebox,G2 VS EG
JonahP,9,Split,G2 VS 100T
Polvi,9,Lotus,GE VS DRX
MiniBoo,9,Sunset,BBL VS TH
Rossy,9,Breeze,T1 VS DRX
ANGE1,9,Lotus,VIT VS NAVI
Kicks,9,Lotus,VIT VS NAVI
tex,9,Sunset,C9 VS LEV
JitBoyS,9,Lotus,GEN VS TLN
yay,9,Sunset,BLD VS ZETA
supamen,9,Split,C9 VS EG
Fit1nho,9,Split,FNC VS GX
marteen,9,Sunset,KC VS GX
paTiTek,9,Breeze,VIT VS TH
MrFaliN,9,Lotus,KC VS FUT
grubinho,9,Ascent,KOI VS TL
Wailers,9,Icebox,KC VS M8
Boostio,9,Split,G2 VS 100T
Alfajer,9,Icebox,FNC VS TH
tuyz,8,Sunset,NRG VS LOUD
TakaS,8,Split,KC VS M8
Derrek,8,Icebox,G2 VS EG
Governor,8,Lotus,BLD VS TLN
Klaus,8,Icebox,KRU VS FUR
NDG,8,Lotus,TS VS DRX
Boaster,8,Split,FNC VS GX
Redgar,8,Split,FNC VS GX
blaZek1ng,8,Icebox,GE VS ZETA
Russ,8,Sunset,GE VS ZETA
Deryeon,8,Lotus,BLD VS RRQ
Mazino,8,Sunset,C9 VS LEV
tomaszy,8,Lotus,KC VS FUT
reazy,8,Icebox,BBL VS KOI
SSeeS,8,Lotus,GEN VS DFM
NaturE,8,Sunset,C9 VS EG
Quick,8,Sunset,NRG VS LOUD
vanity,8,Lotus,C9 VS EG
Cloud,8,Bind,FNC VS GX
SugarZ3ro,8,Sunset,TS VS ZETA
jawgemo,8,Lotus,G2 VS EG
fl1pzjder,8,Split,TS VS RRQ
sh1n,8,Sunset,KC VS NAVI
neth,8,Split,GEN VS DFM
Benkai,8,Lotus,GE VS TLN
jawgemo,8,Split,C9 VS EG
beyAz,8,Breeze,M8 VS FNC
Carpe,8,Breeze,T1 VS DRX
Sacy,8,Icebox,SEN VS LEV
Benkai,8,Ascent,GE VS DRX
QutionerX,8,Breeze,BBL VS KOI
QutionerX,8,Ascent,BBL VS M8
Kicks,8,Icebox,VIT VS FUT
MAGNUM,8,Bind,KC VS NAVI
Estrella,8,Icebox,BLD VS RRQ
Crws,8,Ascent,GEN VS TLN
starxo,8,Split,KOI VS TL
Derrek,8,Split,C9 VS EG
Enzo,8,Ascent,KOI VS TL
runi,8,Icebox,C9 VS LEV
fl1pzjder,8,Ascent,T1 VS RRQ
grubinho,8,Icebox,BBL VS KOI
Redgar,8,Lotus,TL VS GX
kon4n,8,Breeze,KRU VS FUR
yetujey,8,Ascent,VIT VS FUT
Boaster,7,Bind,FNC VS KOI
N4RRATE,7,Split,KC VS NAVI
Karon,7,Lotus,GEN VS PRX
sheydos,7,Breeze,BBL VS KOI
icy,7,Icebox,G2 VS EG
ardiis,7,Lotus,VIT VS NAVI
ANGE1,7,Lotus,TL VS NAVI
Redgar,7,Bind,FNC VS GX
Surf,7,Lotus,BLD VS TLN
Cloud,7,Split,FNC VS GX
fl1pzjder,7,Lotus,T1 VS RRQ
Cloud,7,Icebox,TL VS GX
beyAz,7,Lotus,M8 VS FNC
Lightningfast,7,Sunset,GE VS ZETA
supamen,7,Icebox,G2 VS EG
Surf,7,Icebox,GE VS TLN
ANGE1,7,Bind,KC VS NAVI
moose,7,Sunset,C9 VS LEV
Mistic,7,Ascent,TL VS NAVI
Polvi,7,Lotus,GE VS TLN
icy,7,Split,G2 VS 100T
Alfajer,7,Breeze,M8 VS FNC
sh1n,7,Breeze,KC VS FUT
Retla,7,Icebox,BLD VS RRQ
iZu,7,Split,T1 VS DRX
reazy,7,Ascent,BBL VS M8
Ethan,7,Split,NRG VS FUR
TakaS,7,Breeze,M8 VS FNC
Polvi,7,Ascent,GE VS ZETA
Khalil,7,Split,NRG VS FUR
ban,6,Icebox,GE VS TLN
runneR,6,Ascent,VIT VS FUT
sheydos,6,Icebox,FNC VS KOI
hiroronn,6,Ascent,BLD VS ZETA
Foxy9,6,Bind,T1 VS DRX
Boostio,6,Icebox,SEN VS 100T
mwzera,6,Split,NRG VS FUR
TakaS,6,Lotus,M8 VS FNC
Anthem,6,Lotus,T1 VS DFM
sh1n,6,Bind,KC VS NAVI
RgLMeister,6,Icebox,KRU VS MIBR
xccurate,6,Split,T1 VS DRX
AtaKaptan,6,Sunset,VIT VS FUT
Wailers,6,Breeze,M8 VS FNC
saadhak,6,Sunset,NRG VS LOUD
pAura,6,Icebox,BBL VS KOI
trexx,6,Sunset,VIT VS TH
trexx,6,Lotus,VIT VS NAVI
Carpe,6,Bind,T1 VS DRX
Boaster,6,Breeze,FNC VS GX
Polvi,6,Sunset,GE VS ZETA
starxo,6,Icebox,BBL VS KOI
Surf,6,Lotus,GEN VS TLN
mazin,6,Icebox,KRU VS MIBR
johnqt,6,Icebox,SEN VS LEV
Benkai,5,Sunset,GE VS ZETA
kon4n,5,Split,NRG VS FUR
Derke,5,Breeze,FNC VS GX
iZu,5,Bind,T1 VS DRX
SSeeS,5,Split,GEN VS DFM
blaZek1ng,5,Ascent,GE VS DRX
Governor,5,Ascent,GEN VS TLN
Boaster,5,Icebox,FNC VS TH
Estrella,5,Split,TS VS RRQ
yay,5,Lotus,BLD VS RRQ
Russ,5,Lotus,GE VS TLN
Wailers,5,Split,KC VS M8
kamo,5,Icebox,FNC VS KOI
Redgar,5,Breeze,KC VS GX
ShadoW,5,Icebox,BBL VS KOI
Surf,5,Lotus,GE VS TLN
blaZek1ng,5,Icebox,GE VS TLN
purp0,5,Breeze,KC VS GX
stax,4,Ascent,GE VS DRX
Boaster,4,Icebox,FNC VS KOI
Estrella,4,Ascent,T1 VS RRQ
kamo,4,Breeze,BBL VS KOI
Boostio,4,Split,SEN VS 100T
Boo,4,Sunset,VIT VS TH
Redgar,3,Sunset,KC VS GX
beyAz,3,Icebox,KC VS M8
Retla,2,Icebox,BLD VS TLN
ceNder,2,Lotus,VIT VS NAVI
Zest,2,Lotus,BLD VS RRQ
Wailers,2,Lotus,M8 VS FNC
Apoth,2,Icebox,G2 VS EG
fl1pzjder,0,Icebox,BLD VS RRQ
JessieVash,0,Lotus,TS VS ZETA
