Name,First Kills,Map,MatchTeams
QutionerX,10,Sunset,BBL VS TH
QutionerX,9,Split,BBL VS TH
Polvi,8,Breeze,GE VS TLN
Derke,8,Bind,FNC VS KOI
BuZz,8,Ascent,GE VS DRX
yay,7,Ascent,BLD VS ZETA
Sayaplayer,7,Lotus,T1 VS DFM
Governor,7,Icebox,GE VS TLN
OXY,7,Ascent,C9 VS LEV
TakaS,7,Sunset,BBL VS M8
purp0,7,Sunset,KC VS GX
marteen,7,Bind,KC VS FUT
t3xture,7,Split,GEN VS DFM
Governor,7,Icebox,BLD VS TLN
Asuna,7,Split,G2 VS 100T
Demon1,7,Breeze,NRG VS LOUD
keznit,7,Lotus,KRU VS FUR
Jremy,7,Icebox,TS VS RRQ
purp0,7,Split,FNC VS GX
Cryocells,7,Icebox,SEN VS 100T
aspas,7,Lotus,SEN VS LEV
Derke,6,Icebox,FNC VS KOI
ban,6,Breeze,GE VS TLN
artzin,6,Icebox,KRU VS MIBR
Governor,6,Lotus,GE VS TLN
MiniBoo,6,Icebox,FNC VS TH
MiniBoo,6,Breeze,VIT VS TH
tomaszy,6,Sunset,KC VS GX
BuZz,6,Lotus,TS VS DRX
Sayaplayer,6,Lotus,T1 VS RRQ
runneR,6,Sunset,VIT VS TH
something,6,Lotus,GEN VS PRX
MiniBoo,6,Sunset,VIT VS TH
Meteor,6,Lotus,GEN VS PRX
Dep,6,Sunset,BLD VS ZETA
Laz,6,Lotus,BLD VS ZETA
something,6,Icebox,GEN VS PRX
runneR,6,Icebox,VIT VS FUT
Derke,6,Lotus,FNC VS TH
mwzera,6,Icebox,KRU VS FUR
Jremy,6,Split,TS VS RRQ
Keiko,6,Lotus,TL VS GX
Klaus,6,Lotus,KRU VS FUR
aspas,6,Icebox,SEN VS LEV
hoody,6,Lotus,TL VS GX
yay,6,Icebox,BLD VS TLN
Demon1,6,Breeze,NRG VS FUR
iZu,5,Sunset,T1 VS DFM
stax,5,Split,T1 VS DRX
something,5,Lotus,T1 VS PRX
yay,5,Lotus,BLD VS TLN
Keiko,5,Split,TL VS NAVI
cNed,5,Icebox,VIT VS FUT
Benkai,5,Lotus,GE VS DRX
jawgemo,5,Lotus,C9 VS EG
Sayaplayer,5,Breeze,T1 VS DRX
Meiy,5,Split,GEN VS DFM
nAts,5,Ascent,KOI VS TL
xffero,5,Lotus,BLD VS RRQ
ceNder,5,Sunset,VIT VS FUT
MiniBoo,5,Lotus,FNC VS TH
icy,5,Lotus,G2 VS EG
BORKUM,5,Breeze,TS VS RRQ
OXY,5,Icebox,C9 VS LEV
ban,5,Lotus,GEN VS TLN
Keiko,5,Ascent,TL VS GX
Asuna,5,Bind,G2 VS 100T
jawgemo,5,Sunset,C9 VS EG
iZu,5,Ascent,T1 VS DFM
zekken,5,Split,SEN VS 100T
Jremy,5,Sunset,TS VS ZETA
jzz,5,Sunset,KRU VS MIBR
Zyppan,5,Sunset,KC VS NAVI
Zyppan,5,Split,TL VS NAVI
f0rsakeN,5,Bind,T1 VS PRX
zekken,5,Icebox,SEN VS LEV
havoc,5,Breeze,NRG VS FUR
Sayf,5,Sunset,VIT VS TH
NDG,5,Lotus,TS VS ZETA
cNed,5,Lotus,KC VS FUT
Demon1,5,Sunset,NRG VS LOUD
marteen,5,Breeze,KC VS FUT
Elite,5,Ascent,BBL VS M8
iZu,5,Breeze,T1 VS DRX
Sayaplayer,5,Ascent,T1 VS DFM
Keiko,5,Icebox,TL VS GX
BuZz,5,Bind,T1 VS DRX
TenZ,5,Lotus,SEN VS LEV
aspas,5,Ascent,C9 VS LEV
OXY,5,Sunset,C9 VS EG
OXY,5,Split,C9 VS EG
Jremy,5,Lotus,TS VS DRX
nataNk,5,Icebox,KC VS M8
OXY,5,Lotus,C9 VS EG
Meiy,5,Sunset,T1 VS DFM
Polvi,5,Icebox,GE VS ZETA
pAura,5,Breeze,BBL VS KOI
Apoth,5,Sunset,C9 VS EG
purp0,5,Lotus,TL VS GX
C0M,5,Sunset,C9 VS LEV
Sayaplayer,5,Ascent,T1 VS RRQ
d4v41,5,Bind,T1 VS PRX
hiroronn,5,Sunset,GE VS ZETA
tex,5,Icebox,C9 VS LEV
MiniBoo,5,Icebox,VIT VS TH
Fit1nho,5,Breeze,FNC VS GX
Keiko,5,Split,KOI VS TL
Redgar,5,Ascent,TL VS GX
Meiy,5,Lotus,GEN VS DFM
yetujey,4,Bind,KC VS FUT
SUYGETSU,4,Lotus,TL VS NAVI
Enzo,4,Ascent,TL VS NAVI
BORKUM,4,Icebox,TS VS ZETA
MaKo,4,Bind,T1 VS DRX
keznit,4,Icebox,KRU VS FUR
AtaKaptan,4,Split,TL VS FUT
ban,4,Lotus,BLD VS TLN
blaZek1ng,4,Lotus,GE VS TLN
Chronicle,4,Breeze,M8 VS FNC
cNed,4,Ascent,VIT VS FUT
yay,4,Lotus,BLD VS ZETA
f0rsakeN,4,Icebox,GEN VS PRX
Leo,4,Lotus,FNC VS TH
Lmemore,4,Lotus,T1 VS RRQ
kiNgg,4,Lotus,SEN VS LEV
NDG,4,Sunset,TS VS DRX
ardiis,4,Bind,VIT VS NAVI
Munchkin,4,Lotus,GEN VS TLN
Jemkin,4,Lotus,T1 VS RRQ
RieNs,4,Breeze,VIT VS TH
AtaKaptan,4,Icebox,TL VS FUT
Laz,4,Sunset,BLD VS ZETA
MiniBoo,4,Split,BBL VS TH
keznit,4,Icebox,KRU VS MIBR
t3xture,4,Lotus,GEN VS TLN
Zyppan,4,Split,KC VS NAVI
MrFaliN,4,Sunset,VIT VS FUT
Laz,4,Ascent,GE VS ZETA
Elite,4,Sunset,BBL VS M8
Dep,4,Sunset,TS VS ZETA
yetujey,4,Icebox,TL VS FUT
xccurate,4,Lotus,T1 VS DFM
icy,4,Bind,G2 VS 100T
Sayaplayer,4,Sunset,T1 VS DFM
Lakia,4,Lotus,GEN VS DFM
Jamppi,4,Lotus,TL VS NAVI
Jremy,4,Sunset,TS VS DRX
Derke,4,Bind,FNC VS GX
pAura,4,Sunset,BBL VS M8
Sacy,4,Lotus,SEN VS LEV
Klaus,4,Breeze,KRU VS FUR
Jinggg,4,Lotus,T1 VS PRX
Victor,4,Split,NRG VS FUR
Lmemore,4,Icebox,BLD VS RRQ
iZu,4,Bind,T1 VS PRX
Mazino,4,Lotus,SEN VS LEV
blaZek1ng,4,Icebox,GE VS ZETA
d4v41,4,Bind,GEN VS PRX
Boo,4,Icebox,VIT VS TH
Zyppan,4,Bind,VIT VS NAVI
JonahP,4,Icebox,G2 VS EG
Chronicle,4,Lotus,FNC VS TH
marteen,4,Split,KC VS NAVI
Jremy,4,Breeze,TS VS RRQ
Zellsis,4,Icebox,SEN VS LEV
t3xture,4,Ascent,GEN VS TLN
Laz,4,Icebox,GE VS ZETA
RieNs,4,Lotus,FNC VS TH
Derke,4,Breeze,M8 VS FNC
sh1n,4,Split,KC VS M8
Alfajer,4,Split,FNC VS GX
Zyppan,4,Ascent,TL VS NAVI
marteen,4,Bind,KC VS NAVI
aspas,4,Icebox,C9 VS LEV
Rossy,4,Ascent,T1 VS RRQ
valyn,4,Icebox,G2 VS EG
MaKo,4,Split,T1 VS DRX
Chronicle,4,Lotus,M8 VS FNC
grubinho,4,Split,KOI VS TL
Zest,4,Ascent,BLD VS ZETA
Governor,4,Bind,BLD VS TLN
runneR,4,Bind,VIT VS NAVI
N4RRATE,4,Icebox,KC VS M8
Melser,4,Sunset,KRU VS MIBR
ardiis,4,Sunset,KC VS NAVI
ANGE1,4,Bind,VIT VS NAVI
Xeppaa,4,Ascent,C9 VS LEV
Dep,4,Lotus,TS VS ZETA
N4RRATE,4,Bind,KC VS NAVI
kiNgg,4,Ascent,C9 VS LEV
Meteor,4,Split,GEN VS DFM
marteen,4,Breeze,KC VS GX
Russ,4,Ascent,GE VS DRX
runneR,4,Lotus,VIT VS NAVI
trexx,4,Sunset,VIT VS FUT
yay,4,Bind,BLD VS TLN
tex,4,Ascent,C9 VS LEV
BuZz,4,Sunset,TS VS DRX
Enzo,4,Lotus,TL VS NAVI
logaN,4,Split,KC VS M8
yuran,4,Lotus,BLD VS ZETA
Jremy,4,Icebox,TS VS ZETA
Sayaplayer,4,Lotus,T1 VS PRX
Estrella,3,Icebox,TS VS RRQ
Polvi,3,Icebox,GE VS TLN
Lmemore,3,Ascent,T1 VS RRQ
Governor,3,Breeze,GE VS TLN
Dep,3,Ascent,GE VS ZETA
OXY,3,Sunset,C9 VS LEV
Brave,3,Sunset,BBL VS TH
Jamppi,3,Ascent,KOI VS TL
tomaszy,3,Bind,KC VS FUT
Boo,3,Lotus,FNC VS TH
havoc,3,Icebox,KRU VS FUR
QutionerX,3,Sunset,BBL VS M8
ardiis,3,Ascent,TL VS NAVI
paTiTek,3,Sunset,BBL VS TH
kamo,3,Split,KOI VS TL
kiNgg,3,Sunset,C9 VS LEV
MrFaliN,3,Breeze,KC VS FUT
Carpe,3,Split,T1 VS DRX
starxo,3,Breeze,BBL VS KOI
Meteor,3,Lotus,GEN VS DFM
Boaster,3,Bind,FNC VS KOI
Enzo,3,Lotus,TL VS GX
d4v41,3,Icebox,GEN VS PRX
Laz,3,Ascent,BLD VS ZETA
Cloud,3,Ascent,TL VS GX
JitBoyS,3,Lotus,BLD VS TLN
Melser,3,Icebox,KRU VS MIBR
JessieVash,3,Sunset,TS VS DRX
Rossy,3,Bind,T1 VS PRX
f0rsakeN,3,Lotus,T1 VS PRX
t3xture,3,Lotus,GEN VS PRX
valyn,3,Bind,G2 VS 100T
NDG,3,Icebox,TS VS ZETA
Boaster,3,Lotus,FNC VS TH
Boaster,3,Breeze,M8 VS FNC
Jemkin,3,Icebox,BLD VS RRQ
starxo,3,Bind,FNC VS KOI
xffero,3,Breeze,TS VS RRQ
Retla,3,Bind,BLD VS TLN
purp0,3,Bind,FNC VS GX
Foxy9,3,Sunset,TS VS DRX
Medusa,3,Ascent,T1 VS DFM
Carpe,3,Bind,T1 VS PRX
yetujey,3,Icebox,VIT VS FUT
Dep,3,Lotus,BLD VS ZETA
yuran,3,Sunset,TS VS ZETA
Cloud,3,Lotus,TL VS GX
Zyppan,3,Bind,KC VS NAVI
kon4n,3,Icebox,KRU VS FUR
trexx,3,Icebox,VIT VS TH
Polvi,3,Ascent,GE VS DRX
Meteor,3,Lotus,GEN VS TLN
moose,3,Ascent,C9 VS LEV
Meiy,3,Lotus,T1 VS DFM
BORKUM,3,Icebox,TS VS RRQ
Medusa,3,Sunset,T1 VS DFM
kamo,3,Icebox,BBL VS KOI
Russ,3,Icebox,GE VS ZETA
something,3,Bind,T1 VS PRX
Fit1nho,3,Icebox,TL VS GX
Governor,3,Lotus,GEN VS TLN
AtaKaptan,3,Lotus,KC VS FUT
sScary,3,Icebox,BLD VS RRQ
ban,3,Ascent,GEN VS TLN
pAura,3,Sunset,BBL VS TH
Keiko,3,Icebox,TL VS FUT
Laz,3,Icebox,TS VS ZETA
BuZz,3,Lotus,GE VS DRX
kon4n,3,Breeze,NRG VS FUR
JitBoyS,3,Ascent,GEN VS TLN
Chronicle,3,Bind,FNC VS KOI
Alfajer,3,Lotus,M8 VS FNC
TakaS,3,Icebox,KC VS M8
Mistic,3,Ascent,KOI VS TL
starxo,3,Split,KOI VS TL
runneR,3,Icebox,VIT VS TH
Foxy9,3,Breeze,T1 VS DRX
mwzera,3,Breeze,KRU VS FUR
C0M,3,Ascent,C9 VS LEV
purp0,3,Ascent,TL VS GX
grubinho,3,Icebox,BBL VS KOI
t3xture,3,Bind,GEN VS PRX
Fit1nho,3,Bind,FNC VS GX
Marved,3,Breeze,NRG VS LOUD
trent,3,Lotus,G2 VS EG
bang,3,Split,G2 VS 100T
Jamppi,3,Ascent,TL VS GX
leaf,3,Lotus,G2 VS EG
ANGE1,3,Lotus,VIT VS NAVI
TenZ,3,Split,SEN VS 100T
Dep,3,Icebox,GE VS ZETA
N4RRATE,3,Breeze,KC VS GX
yetujey,3,Lotus,KC VS FUT
Sayf,3,Sunset,VIT VS FUT
cNed,3,Breeze,KC VS FUT
Cloud,3,Breeze,FNC VS GX
Xeppaa,3,Split,C9 VS EG
Boo,3,Icebox,FNC VS TH
yay,3,Sunset,BLD VS ZETA
trexx,3,Icebox,VIT VS FUT
valyn,3,Split,G2 VS 100T
Polvi,3,Lotus,GE VS TLN
BuZz,3,Split,T1 VS DRX
Jamppi,3,Split,TL VS FUT
hoody,3,Breeze,KC VS GX
nataNk,3,Ascent,BBL VS M8
benjyfishy,3,Sunset,VIT VS TH
Demon1,3,Split,NRG VS FUR
N4RRATE,3,Split,KC VS M8
iZu,3,Bind,T1 VS DRX
jawgemo,3,Lotus,G2 VS EG
Quick,3,Sunset,NRG VS LOUD
Derke,3,Lotus,M8 VS FNC
Jemkin,3,Lotus,BLD VS RRQ
kamo,3,Icebox,FNC VS KOI
Alfajer,3,Icebox,FNC VS KOI
Polvi,3,Sunset,GE VS ZETA
Meiy,3,Ascent,T1 VS DFM
ANGE1,3,Bind,KC VS NAVI
Victor,3,Breeze,NRG VS FUR
iZu,3,Lotus,T1 VS RRQ
SugarZ3ro,3,Lotus,TS VS ZETA
Fit1nho,3,Sunset,KC VS GX
N4RRATE,3,Split,KC VS NAVI
fl1pzjder,3,Split,TS VS RRQ
pAura,3,Icebox,BBL VS KOI
Polvi,3,Ascent,GE VS ZETA
marteen,3,Sunset,KC VS NAVI
Zyppan,3,Lotus,VIT VS NAVI
Mistic,3,Icebox,TL VS FUT
cNed,3,Split,TL VS FUT
Shao,3,Split,TL VS NAVI
Brave,3,Ascent,BBL VS M8
Shao,3,Sunset,KC VS NAVI
Munchkin,3,Lotus,GEN VS DFM
JitBoyS,3,Breeze,GE VS TLN
TakaS,3,Ascent,BBL VS M8
Jemkin,3,Split,TS VS RRQ
Jinggg,3,Lotus,GEN VS PRX
Keiko,3,Split,TL VS FUT
Mistic,3,Lotus,TL VS NAVI
ardiis,3,Split,TL VS NAVI
SSeeS,3,Ascent,T1 VS DFM
tex,3,Lotus,SEN VS LEV
Deryeon,3,Sunset,BLD VS ZETA
purp0,3,Icebox,TL VS GX
ban,3,Bind,BLD VS TLN
keznit,3,Sunset,KRU VS MIBR
Jemkin,3,Icebox,TS VS RRQ
tex,3,Sunset,C9 VS LEV
zekken,3,Icebox,SEN VS 100T
C0M,3,Lotus,SEN VS LEV
saadhak,3,Breeze,NRG VS LOUD
supamen,3,Lotus,C9 VS EG
trexx,3,Breeze,VIT VS TH
blaZek1ng,3,Breeze,GE VS TLN
keznit,3,Breeze,KRU VS FUR
Redgar,3,Icebox,TL VS GX
invy,3,Split,TS VS RRQ
yay,3,Icebox,BLD VS RRQ
Quick,3,Breeze,NRG VS LOUD
Dep,2,Icebox,TS VS ZETA
Lightningfast,2,Lotus,GE VS TLN
Lightningfast,2,Ascent,GE VS DRX
Karon,2,Icebox,GEN VS PRX
havoc,2,Breeze,KRU VS FUR
Estrella,2,Breeze,TS VS RRQ
icy,2,Split,G2 VS 100T
Governor,2,Ascent,GEN VS TLN
starxo,2,Icebox,BBL VS KOI
zekken,2,Lotus,SEN VS LEV
yay,2,Lotus,BLD VS RRQ
Boo,2,Breeze,VIT VS TH
Munchkin,2,Icebox,GEN VS PRX
NDG,2,Lotus,TS VS DRX
Karon,2,Bind,GEN VS PRX
Fit1nho,2,Breeze,KC VS GX
RieNs,2,Icebox,VIT VS TH
Mistic,2,Ascent,TL VS NAVI
kamo,2,Ascent,KOI VS TL
RgLMeister,2,Icebox,KRU VS MIBR
mindfreak,2,Icebox,GEN VS PRX
yetujey,2,Ascent,VIT VS FUT
Cloud,2,Split,FNC VS GX
Mistic,2,Lotus,TL VS GX
ANGE1,2,Split,TL VS NAVI
Sayf,2,Breeze,VIT VS TH
runneR,2,Ascent,VIT VS FUT
Zest,2,Lotus,BLD VS TLN
JitBoyS,2,Icebox,BLD VS TLN
MiniBoo,2,Sunset,BBL VS TH
Zellsis,2,Lotus,SEN VS LEV
Polvi,2,Lotus,GE VS DRX
TakaS,2,Breeze,M8 VS FNC
fl1pzjder,2,Icebox,TS VS RRQ
Boostio,2,Icebox,SEN VS 100T
yuran,2,Ascent,BLD VS ZETA
benjyfishy,2,Breeze,VIT VS TH
supamen,2,Split,C9 VS EG
ban,2,Icebox,GE VS TLN
invy,2,Breeze,TS VS RRQ
jzz,2,Icebox,KRU VS MIBR
tomaszy,2,Lotus,KC VS FUT
Governor,2,Lotus,BLD VS TLN
runi,2,Sunset,C9 VS EG
hiroronn,2,Ascent,GE VS ZETA
t3xture,2,Icebox,GEN VS PRX
Munchkin,2,Lotus,GEN VS PRX
xffero,2,Split,TS VS RRQ
Retla,2,Sunset,BLD VS ZETA
Russ,2,Sunset,GE VS ZETA
Retla,2,Lotus,BLD VS TLN
ShadoW,2,Bind,FNC VS KOI
supamen,2,Sunset,C9 VS EG
Lmemore,2,Split,TS VS RRQ
Apoth,2,Lotus,G2 VS EG
TakaS,2,Split,KC VS M8
purp0,2,Breeze,KC VS GX
iZu,2,Lotus,T1 VS PRX
qRaxs,2,Sunset,VIT VS FUT
grubinho,2,Ascent,KOI VS TL
Lightningfast,2,Lotus,GE VS DRX
leaf,2,Split,G2 VS 100T
Rossy,2,Breeze,T1 VS DRX
Asuna,2,Icebox,SEN VS 100T
vanity,2,Ascent,C9 VS LEV
Enzo,2,Split,TL VS NAVI
xffero,2,Lotus,T1 VS RRQ
NDG,2,Sunset,TS VS ZETA
ceNder,2,Bind,VIT VS NAVI
RieNs,2,Split,BBL VS TH
Keiko,2,Ascent,TL VS NAVI
Khalil,2,Breeze,KRU VS FUR
runneR,2,Breeze,VIT VS TH
ceNder,2,Ascent,VIT VS FUT
marteen,2,Icebox,KC VS M8
Shao,2,Bind,KC VS NAVI
xccurate,2,Bind,T1 VS DRX
jawgemo,2,Icebox,G2 VS EG
ShadoW,2,Icebox,FNC VS KOI
Brave,2,Breeze,BBL VS KOI
Boo,2,Split,BBL VS TH
stax,2,Breeze,T1 VS DRX
Jemkin,2,Breeze,TS VS RRQ
Jamppi,2,Lotus,TL VS GX
qRaxs,2,Breeze,KC VS FUT
eeiu,2,Split,SEN VS 100T
hoody,2,Bind,FNC VS GX
mazin,2,Sunset,KRU VS MIBR
Cryocells,2,Split,SEN VS 100T
NDG,2,Icebox,TS VS RRQ
Xeppaa,2,Icebox,C9 VS LEV
nzr,2,Icebox,KRU VS FUR
MAGNUM,2,Breeze,KC VS FUT
Ethan,2,Breeze,NRG VS LOUD
Foxy9,2,Bind,T1 VS DRX
frz,2,Sunset,KRU VS MIBR
nAts,2,Split,TL VS FUT
Munchkin,2,Ascent,GEN VS TLN
Chronicle,2,Icebox,FNC VS TH
qRaxs,2,Bind,KC VS FUT
JessieVash,2,Icebox,TS VS RRQ
Anthem,2,Lotus,GEN VS DFM
jawgemo,2,Split,C9 VS EG
JessieVash,2,Lotus,TS VS DRX
Apoth,2,Lotus,C9 VS EG
Wailers,2,Sunset,BBL VS M8
kon4n,2,Lotus,KRU VS FUR
Meteor,2,Bind,GEN VS PRX
AtaKaptan,2,Bind,KC VS FUT
Retla,2,Ascent,BLD VS ZETA
Chronicle,2,Breeze,FNC VS GX
Asuna,2,Split,SEN VS 100T
Anthem,2,Sunset,T1 VS DFM
marteen,2,Lotus,KC VS FUT
Deryeon,2,Icebox,BLD VS RRQ
Alfajer,2,Breeze,FNC VS GX
Shyy,2,Icebox,KRU VS FUR
Fit1nho,2,Split,FNC VS GX
Derke,2,Icebox,FNC VS TH
paTiTek,2,Icebox,FNC VS TH
Zyppan,2,Lotus,TL VS NAVI
JitBoyS,2,Icebox,GE VS TLN
supamen,2,Lotus,G2 VS EG
Melser,2,Icebox,KRU VS FUR
Sayf,2,Icebox,VIT VS TH
Redgar,2,Bind,FNC VS GX
marteen,2,Sunset,KC VS GX
Wailers,2,Icebox,KC VS M8
nAts,2,Ascent,TL VS GX
nataNk,2,Sunset,BBL VS M8
sheydos,2,Bind,FNC VS KOI
MrFaliN,2,Icebox,TL VS FUT
Rossy,2,Sunset,T1 VS DFM
heat,2,Sunset,KRU VS MIBR
ban,2,Lotus,GE VS TLN
pAura,2,Ascent,BBL VS M8
QutionerX,2,Icebox,BBL VS KOI
Sayf,2,Ascent,VIT VS FUT
bang,2,Bind,G2 VS 100T
Cryocells,2,Split,G2 VS 100T
NaturE,2,Lotus,C9 VS EG
MaKo,2,Lotus,GE VS DRX
hoody,2,Breeze,FNC VS GX
Carpe,2,Ascent,T1 VS RRQ
AtaKaptan,2,Breeze,KC VS FUT
Rossy,2,Lotus,T1 VS DFM
Less,2,Breeze,NRG VS LOUD
Surf,2,Bind,BLD VS TLN
Elite,2,Breeze,BBL VS KOI
Lakia,2,Ascent,GEN VS TLN
kiNgg,2,Icebox,SEN VS LEV
Shao,2,Lotus,VIT VS NAVI
stax,2,Lotus,GE VS DRX
Boaster,2,Lotus,M8 VS FNC
grubinho,2,Bind,FNC VS KOI
runi,2,Sunset,C9 VS LEV
Keiko,2,Lotus,TL VS NAVI
Ethan,2,Breeze,NRG VS FUR
MaKo,2,Breeze,T1 VS DRX
nataNk,2,Breeze,M8 VS FNC
heat,2,Breeze,KRU VS FUR
Cloud,2,Sunset,KC VS GX
Jremy,2,Lotus,TS VS ZETA
nAts,2,Split,KOI VS TL
MAGNUM,2,Sunset,KC VS NAVI
ANGE1,2,Split,KC VS NAVI
MrFaliN,2,Icebox,VIT VS FUT
marteen,2,Split,KC VS M8
something,2,Bind,GEN VS PRX
fl1pzjder,2,Breeze,TS VS RRQ
JonahP,2,Bind,G2 VS 100T
Jamppi,2,Split,KOI VS TL
Laz,2,Lotus,TS VS ZETA
nAts,2,Lotus,TL VS NAVI
BORKUM,2,Sunset,TS VS ZETA
Marved,2,Split,NRG VS FUR
trexx,2,Ascent,VIT VS FUT
ANGE1,2,Sunset,KC VS NAVI
qRaxs,2,Lotus,KC VS FUT
Sacy,2,Split,SEN VS 100T
TenZ,2,Icebox,SEN VS LEV
lenne,2,Ascent,GEN VS TLN
sScary,2,Lotus,BLD VS TLN
invy,2,Icebox,TS VS RRQ
runi,2,Split,C9 VS EG
yuran,2,Ascent,GE VS ZETA
eeiu,2,Bind,G2 VS 100T
sScary,2,Bind,BLD VS TLN
bang,2,Icebox,SEN VS 100T
Jinggg,2,Bind,GEN VS PRX
valyn,2,Lotus,G2 VS EG
MAGNUM,2,Breeze,KC VS GX
Alfajer,2,Lotus,FNC VS TH
MrFaliN,2,Split,TL VS FUT
Melser,2,Breeze,KRU VS FUR
Deryeon,2,Lotus,BLD VS TLN
Lakia,2,Lotus,GEN VS TLN
Chronicle,2,Bind,FNC VS GX
Laz,2,Sunset,TS VS ZETA
Sacy,2,Icebox,SEN VS 100T
SugarZ3ro,2,Sunset,BLD VS ZETA
BeYN,2,Breeze,T1 VS DRX
ceNder,2,Icebox,VIT VS TH
sh1n,2,Bind,KC VS FUT
xccurate,2,Lotus,T1 VS RRQ
SUYGETSU,2,Split,KC VS NAVI
Jinggg,2,Bind,T1 VS PRX
SUYGETSU,2,Bind,KC VS NAVI
f0rsakeN,2,Bind,GEN VS PRX
vanity,2,Split,C9 VS EG
Chronicle,2,Split,FNC VS GX
nAts,2,Split,TL VS NAVI
mindfreak,2,Lotus,T1 VS PRX
BeYN,2,Lotus,TS VS DRX
t3xture,2,Lotus,GEN VS DFM
MrFaliN,2,Ascent,VIT VS FUT
cNed,2,Sunset,VIT VS FUT
Lightningfast,2,Ascent,GE VS ZETA
Benkai,2,Ascent,GE VS ZETA
Brave,2,Icebox,BBL VS KOI
MrFaliN,2,Bind,KC VS FUT
SUYGETSU,2,Lotus,VIT VS NAVI
nAts,2,Icebox,TL VS GX
invy,2,Icebox,TS VS ZETA
AtaKaptan,2,Ascent,VIT VS FUT
Medusa,2,Split,GEN VS DFM
sheydos,2,Ascent,KOI VS TL
MaKo,2,Sunset,TS VS DRX
heat,2,Lotus,KRU VS FUR
johnqt,2,Lotus,SEN VS LEV
hiroronn,2,Icebox,TS VS ZETA
yetujey,2,Breeze,KC VS FUT
Lightningfast,2,Breeze,GE VS TLN
Foxy9,2,Ascent,GE VS DRX
trent,2,Bind,G2 VS 100T
Zellsis,2,Icebox,SEN VS 100T
ardiis,1,Lotus,VIT VS NAVI
Lightningfast,1,Icebox,GE VS ZETA
Carpe,1,Sunset,T1 VS DFM
mindfreak,1,Bind,GEN VS PRX
yetujey,1,Split,TL VS FUT
RieNs,1,Sunset,BBL VS TH
vanity,1,Icebox,C9 VS LEV
nAts,1,Lotus,TL VS GX
Sayaplayer,1,Bind,T1 VS DRX
MrFaliN,1,Lotus,KC VS FUT
BORKUM,1,Lotus,TS VS ZETA
Kicks,1,Bind,VIT VS NAVI
Brave,1,Split,BBL VS TH
havoc,1,Lotus,KRU VS FUR
cauanzin,1,Breeze,NRG VS LOUD
trexx,1,Lotus,VIT VS NAVI
Khalil,1,Breeze,NRG VS FUR
johnqt,1,Split,SEN VS 100T
tomaszy,1,Breeze,KC VS GX
Less,1,Sunset,NRG VS LOUD
eeiu,1,Split,G2 VS 100T
BeYN,1,Lotus,GE VS DRX
Derke,1,Split,FNC VS GX
crashies,1,Sunset,NRG VS LOUD
Karon,1,Lotus,GEN VS PRX
Xeppaa,1,Sunset,C9 VS EG
kamo,1,Bind,FNC VS KOI
sh1n,1,Split,KC VS NAVI
paTiTek,1,Lotus,FNC VS TH
Boaster,1,Breeze,FNC VS GX
bang,1,Split,SEN VS 100T
Meteor,1,Ascent,GEN VS TLN
vanity,1,Sunset,C9 VS LEV
supamen,1,Icebox,G2 VS EG
paTiTek,1,Icebox,VIT VS TH
Russ,1,Breeze,GE VS TLN
Carpe,1,Bind,T1 VS DRX
Wailers,1,Ascent,BBL VS M8
tomaszy,1,Icebox,KC VS M8
Benkai,1,Ascent,GE VS DRX
havoc,1,Split,NRG VS FUR
reazy,1,Breeze,BBL VS KOI
SugarZ3ro,1,Ascent,GE VS ZETA
MAGNUM,1,Split,KC VS NAVI
invy,1,Lotus,TS VS DRX
nataNk,1,Lotus,M8 VS FNC
Zest,1,Icebox,BLD VS RRQ
Surf,1,Icebox,BLD VS TLN
RieNs,1,Icebox,FNC VS TH
starxo,1,Ascent,KOI VS TL
benjyfishy,1,Sunset,BBL VS TH
Jemkin,1,Ascent,T1 VS RRQ
qRaxs,1,Icebox,TL VS FUT
sheydos,1,Breeze,BBL VS KOI
xffero,1,Ascent,T1 VS RRQ
Redgar,1,Lotus,TL VS GX
Surf,1,Lotus,GE VS TLN
johnqt,1,Icebox,SEN VS LEV
Xeppaa,1,Sunset,C9 VS LEV
Redgar,1,Breeze,FNC VS GX
Meteor,1,Icebox,GEN VS PRX
beyAz,1,Breeze,M8 VS FNC
Lmemore,1,Lotus,BLD VS RRQ
Mazino,1,Icebox,C9 VS LEV
sh1n,1,Bind,KC VS NAVI
nAts,1,Ascent,TL VS NAVI
ban,1,Icebox,BLD VS TLN
tomaszy,1,Breeze,KC VS FUT
yuran,1,Lotus,TS VS ZETA
Russ,1,Icebox,GE VS TLN
Crws,1,Icebox,GE VS TLN
BORKUM,1,Sunset,TS VS DRX
QutionerX,1,Breeze,BBL VS KOI
MAGNUM,1,Lotus,KC VS FUT
blaZek1ng,1,Lotus,GE VS DRX
Leo,1,Split,FNC VS GX
Shyy,1,Breeze,KRU VS FUR
iZu,1,Ascent,T1 VS RRQ
Medusa,1,Lotus,T1 VS DFM
logaN,1,Lotus,M8 VS FNC
reazy,1,Ascent,BBL VS M8
MAGNUM,1,Icebox,KC VS M8
nzr,1,Breeze,KRU VS FUR
ANGE1,1,Ascent,TL VS NAVI
Wailers,1,Breeze,M8 VS FNC
Derrek,1,Split,C9 VS EG
JessieVash,1,Sunset,TS VS ZETA
Khalil,1,Lotus,KRU VS FUR
SugarZ3ro,1,Sunset,GE VS ZETA
Estrella,1,Lotus,BLD VS RRQ
Crws,1,Ascent,GEN VS TLN
mindfreak,1,Lotus,GEN VS PRX
Sacy,1,Icebox,SEN VS LEV
purp0,1,Breeze,FNC VS GX
Zest,1,Icebox,BLD VS TLN
yuran,1,Sunset,BLD VS ZETA
Marved,1,Sunset,NRG VS LOUD
Deryeon,1,Lotus,BLD VS ZETA
Deryeon,1,Bind,BLD VS TLN
Xeppaa,1,Lotus,C9 VS EG
beyAz,1,Ascent,BBL VS M8
Mazino,1,Icebox,SEN VS LEV
fl1pzjder,1,Ascent,T1 VS RRQ
saadhak,1,Sunset,NRG VS LOUD
NaturE,1,Lotus,G2 VS EG
Jamppi,1,Split,TL VS NAVI
Munchkin,1,Bind,GEN VS PRX
ardiis,1,Bind,KC VS NAVI
Mazino,1,Ascent,C9 VS LEV
JessieVash,1,Breeze,TS VS RRQ
hoody,1,Icebox,TL VS GX
Khalil,1,Split,NRG VS FUR
blaZek1ng,1,Icebox,GE VS TLN
Leo,1,Lotus,M8 VS FNC
Sayaplayer,1,Split,T1 VS DRX
Karon,1,Ascent,GEN VS TLN
hoody,1,Ascent,TL VS GX
runi,1,Lotus,C9 VS EG
Redgar,1,Split,FNC VS GX
neth,1,Lotus,T1 VS DFM
Kicks,1,Icebox,VIT VS FUT
Karon,1,Lotus,GEN VS DFM
Chronicle,1,Icebox,FNC VS KOI
Dep,1,Ascent,BLD VS ZETA
Estrella,1,Icebox,BLD VS RRQ
Kicks,1,Lotus,VIT VS NAVI
MaKo,1,Ascent,GE VS DRX
JitBoyS,1,Lotus,GEN VS TLN
tuyz,1,Sunset,NRG VS LOUD
sh1n,1,Sunset,KC VS NAVI
tomaszy,1,Split,KC VS NAVI
Klaus,1,Icebox,KRU VS FUR
Klaus,1,Icebox,KRU VS MIBR
leaf,1,Icebox,G2 VS EG
neth,1,Split,GEN VS DFM
Victor,1,Sunset,NRG VS LOUD
Crws,1,Lotus,GE VS TLN
eeiu,1,Icebox,SEN VS 100T
grubinho,1,Breeze,BBL VS KOI
sScary,1,Ascent,BLD VS ZETA
Jinggg,1,Icebox,GEN VS PRX
NDG,1,Breeze,TS VS RRQ
leaf,1,Bind,G2 VS 100T
Boaster,1,Bind,FNC VS GX
mwzera,1,Breeze,NRG VS FUR
Keiko,1,Ascent,KOI VS TL
mwzera,1,Split,NRG VS FUR
moose,1,Lotus,C9 VS EG
reazy,1,Icebox,BBL VS KOI
Dep,1,Sunset,GE VS ZETA
pAura,1,Split,BBL VS TH
trent,1,Icebox,G2 VS EG
Derrek,1,Icebox,G2 VS EG
Lakia,1,Icebox,GEN VS PRX
Ethan,1,Sunset,NRG VS LOUD
BeYN,1,Bind,T1 VS DRX
fl1pzjder,1,Lotus,BLD VS RRQ
BORKUM,1,Lotus,TS VS DRX
xffero,1,Icebox,BLD VS RRQ
vanity,1,Lotus,C9 VS EG
vanity,1,Sunset,C9 VS EG
Wailers,1,Split,KC VS M8
trent,1,Split,G2 VS 100T
sScary,1,Lotus,BLD VS RRQ
MAGNUM,1,Bind,KC VS FUT
Rossy,1,Lotus,T1 VS PRX
ceNder,1,Breeze,VIT VS TH
cNed,1,Icebox,TL VS FUT
hiroronn,1,Lotus,BLD VS ZETA
Russ,1,Lotus,GE VS DRX
cNed,1,Bind,KC VS FUT
JessieVash,1,Icebox,TS VS ZETA
N4RRATE,1,Lotus,KC VS FUT
sheydos,1,Split,KOI VS TL
Foxy9,1,Lotus,TS VS DRX
hiroronn,1,Ascent,BLD VS ZETA
logaN,1,Ascent,BBL VS M8
xccurate,1,Ascent,T1 VS RRQ
trexx,1,Bind,VIT VS NAVI
SugarZ3ro,1,Lotus,BLD VS ZETA
MAGNUM,1,Split,KC VS M8
f0rsakeN,1,Lotus,GEN VS PRX
Lmemore,1,Icebox,TS VS RRQ
Deryeon,1,Icebox,BLD VS TLN
blaZek1ng,1,Ascent,GE VS ZETA
ShadoW,1,Ascent,KOI VS TL
NaturE,1,Icebox,G2 VS EG
neth,1,Ascent,T1 VS DFM
stax,1,Lotus,TS VS DRX
Shao,1,Lotus,TL VS NAVI
d4v41,1,Lotus,GEN VS PRX
sh1n,1,Lotus,KC VS FUT
kiNgg,1,Icebox,C9 VS LEV
ANGE1,1,Lotus,TL VS NAVI
sScary,1,Lotus,BLD VS ZETA
Shyy,1,Sunset,KRU VS MIBR
beyAz,1,Icebox,KC VS M8
Carpe,1,Ascent,T1 VS DFM
MAGNUM,1,Sunset,KC VS GX
Sayf,1,Icebox,VIT VS FUT
BuZz,1,Breeze,T1 VS DRX
Lmemore,1,Breeze,TS VS RRQ
Laz,1,Sunset,GE VS ZETA
Enzo,1,Split,KOI VS TL
Kicks,1,Ascent,VIT VS FUT
Anthem,1,Split,GEN VS DFM
Mistic,1,Icebox,TL VS GX
neth,1,Sunset,T1 VS DFM
Russ,1,Ascent,GE VS ZETA
logaN,1,Breeze,M8 VS FNC
Mistic,1,Ascent,TL VS GX
runneR,1,Sunset,VIT VS FUT
grubinho,1,Icebox,FNC VS KOI
Boo,1,Sunset,VIT VS TH
Boostio,1,Split,SEN VS 100T
TakaS,1,Lotus,M8 VS FNC
kamo,1,Breeze,BBL VS KOI
Boostio,1,Bind,G2 VS 100T
sheydos,1,Icebox,FNC VS KOI
SUYGETSU,1,Bind,VIT VS NAVI
hiroronn,1,Lotus,TS VS ZETA
Benkai,1,Icebox,GE VS ZETA
Enzo,1,Icebox,TL VS FUT
Foxy9,1,Split,T1 VS DRX
Carpe,1,Lotus,T1 VS PRX
xccurate,1,Lotus,T1 VS PRX
heat,1,Icebox,KRU VS FUR
icy,1,Icebox,G2 VS EG
RieNs,1,Sunset,VIT VS TH
xccurate,1,Sunset,T1 VS DFM
C0M,1,Icebox,C9 VS LEV
Brave,1,Sunset,BBL VS M8
Melser,1,Lotus,KRU VS FUR
ceNder,1,Sunset,VIT VS TH
johnqt,1,Icebox,SEN VS 100T
C0M,1,Icebox,SEN VS LEV
Derrek,1,Lotus,C9 VS EG
Enzo,1,Icebox,TL VS GX
Rossy,1,Ascent,T1 VS DFM
tomaszy,1,Split,KC VS M8
nAts,1,Icebox,TL VS FUT
hiroronn,1,Sunset,TS VS ZETA
Sayf,1,Bind,VIT VS NAVI
crashies,1,Breeze,NRG VS LOUD
Victor,1,Breeze,NRG VS LOUD
yuran,1,Icebox,GE VS ZETA
Anthem,1,Ascent,T1 VS DFM
moose,1,Sunset,C9 VS LEV
sScary,1,Sunset,BLD VS ZETA
Fit1nho,1,Ascent,TL VS GX
Munchkin,1,Split,GEN VS DFM
Deryeon,1,Lotus,BLD VS RRQ
yetujey,1,Sunset,VIT VS FUT
SUYGETSU,1,Ascent,TL VS NAVI
artzin,1,Sunset,KRU VS MIBR
Mistic,1,Split,TL VS NAVI
Mazino,1,Sunset,C9 VS LEV
Fit1nho,1,Lotus,TL VS GX
beyAz,1,Sunset,BBL VS M8
sh1n,1,Sunset,KC VS GX
Shao,1,Split,KC VS NAVI
Klaus,1,Sunset,KRU VS MIBR
Deryeon,1,Ascent,BLD VS ZETA
JitBoyS,1,Bind,BLD VS TLN
nataNk,1,Split,KC VS M8
Mistic,1,Split,KOI VS TL
qRaxs,1,Ascent,VIT VS FUT
paTiTek,1,Sunset,VIT VS TH
nzr,1,Split,NRG VS FUR
xffero,1,Icebox,TS VS RRQ
Leo,1,Bind,FNC VS GX
Boaster,1,Icebox,FNC VS TH
BeYN,1,Split,T1 VS DRX
hiroronn,1,Icebox,GE VS ZETA
xccurate,1,Bind,T1 VS PRX
TenZ,1,Icebox,SEN VS 100T
heat,1,Icebox,KRU VS MIBR
beyAz,1,Lotus,M8 VS FNC
runi,1,Ascent,C9 VS LEV
kon4n,1,Split,NRG VS FUR
Lightningfast,1,Sunset,GE VS ZETA
Ethan,1,Split,NRG VS FUR
Leo,1,Breeze,M8 VS FNC
Jamppi,1,Icebox,TL VS FUT
paTiTek,1,Split,BBL VS TH
ceNder,1,Icebox,VIT VS FUT
Zest,0,Lotus,BLD VS RRQ
benjyfishy,0,Split,BBL VS TH
Retla,0,Icebox,BLD VS TLN
benjyfishy,0,Icebox,FNC VS TH
MaKo,0,Lotus,TS VS DRX
SSeeS,0,Lotus,GEN VS DFM
Redgar,0,Sunset,KC VS GX
Redgar,0,Breeze,KC VS GX
moose,0,Split,C9 VS EG
ceNder,0,Lotus,VIT VS NAVI
Surf,0,Lotus,GEN VS TLN
yuran,0,Sunset,GE VS ZETA
Derke,0,Breeze,FNC VS GX
Anthem,0,Lotus,T1 VS DFM
Wailers,0,Lotus,M8 VS FNC
sh1n,0,Breeze,KC VS FUT
fl1pzjder,0,Lotus,T1 VS RRQ
blaZek1ng,0,Sunset,GE VS ZETA
sh1n,0,Breeze,KC VS GX
SugarZ3ro,0,Sunset,TS VS ZETA
fl1pzjder,0,Icebox,BLD VS RRQ
Cloud,0,Icebox,TL VS GX
Apoth,0,Icebox,G2 VS EG
AtaKaptan,0,Sunset,VIT VS FUT
Elite,0,Icebox,BBL VS KOI
Estrella,0,Split,TS VS RRQ
mwzera,0,Lotus,KRU VS FUR
cauanzin,0,Sunset,NRG VS LOUD
Estrella,0,Ascent,T1 VS RRQ
kon4n,0,Breeze,KRU VS FUR
Apoth,0,Split,C9 VS EG
Rossy,0,Split,T1 VS DRX
Enzo,0,Split,TL VS FUT
nzr,0,Lotus,KRU VS FUR
Cloud,0,Bind,FNC VS GX
Retla,0,Icebox,BLD VS RRQ
xccurate,0,Split,T1 VS DRX
NaturE,0,Split,C9 VS EG
iZu,0,Split,T1 VS DRX
Zest,0,Bind,BLD VS TLN
beyAz,0,Split,KC VS M8
stax,0,Ascent,GE VS DRX
Russ,0,Lotus,GE VS TLN
Benkai,0,Sunset,GE VS ZETA
Alfajer,0,Icebox,FNC VS TH
Carpe,0,Lotus,T1 VS DFM
Surf,0,Icebox,GE VS TLN
Enzo,0,Ascent,TL VS GX
neth,0,Lotus,GEN VS DFM
iZu,0,Lotus,T1 VS DFM
Lightningfast,0,Icebox,GE VS TLN
reazy,0,Sunset,BBL VS TH
JonahP,0,Lotus,G2 VS EG
SugarZ3ro,0,Icebox,TS VS ZETA
Zest,0,Sunset,BLD VS ZETA
Retla,0,Lotus,BLD VS ZETA
Crws,0,Lotus,BLD VS TLN
N4RRATE,0,Bind,KC VS FUT
NaturE,0,Sunset,C9 VS EG
frz,0,Icebox,KRU VS MIBR
Cloud,0,Breeze,KC VS GX
Estrella,0,Lotus,T1 VS RRQ
Derrek,0,Lotus,G2 VS EG
JessieVash,0,Split,TS VS RRQ
Rossy,0,Bind,T1 VS DRX
Zest,0,Lotus,BLD VS ZETA
mindfreak,0,Bind,T1 VS PRX
logaN,0,Sunset,BBL VS M8
moose,0,Icebox,C9 VS LEV
invy,0,Lotus,TS VS ZETA
N4RRATE,0,Breeze,KC VS FUT
SSeeS,0,Lotus,T1 VS DFM
Leo,0,Bind,FNC VS KOI
qRaxs,0,Icebox,VIT VS FUT
SUYGETSU,0,Split,TL VS NAVI
Boaster,0,Icebox,FNC VS KOI
logaN,0,Icebox,KC VS M8
Sayf,0,Lotus,VIT VS NAVI
sScary,0,Icebox,BLD VS TLN
Surf,0,Breeze,GE VS TLN
Crws,0,Breeze,GE VS TLN
RgLMeister,0,Sunset,KRU VS MIBR
ardiis,0,Split,KC VS NAVI
NDG,0,Split,TS VS RRQ
Elite,0,Split,BBL VS TH
JitBoyS,0,Lotus,GE VS TLN
sheydos,0,Icebox,BBL VS KOI
Khalil,0,Icebox,KRU VS FUR
invy,0,Sunset,TS VS DRX
d4v41,0,Lotus,T1 VS PRX
Crws,0,Icebox,BLD VS TLN
tuyz,0,Breeze,NRG VS LOUD
SUYGETSU,0,Sunset,KC VS NAVI
BeYN,0,Ascent,GE VS DRX
qRaxs,0,Split,TL VS FUT
SugarZ3ro,0,Ascent,BLD VS ZETA
SSeeS,0,Sunset,T1 VS DFM
xccurate,0,Breeze,T1 VS DRX
sh1n,0,Icebox,KC VS M8
Shyy,0,Icebox,KRU VS MIBR
Lakia,0,Split,GEN VS DFM
Boaster,0,Split,FNC VS GX
stax,0,Sunset,TS VS DRX
Lakia,0,Lotus,GEN VS PRX
AtaKaptan,0,Icebox,VIT VS FUT
Karon,0,Split,GEN VS DFM
benjyfishy,0,Lotus,FNC VS TH
Marved,0,Breeze,NRG VS FUR
Crws,0,Bind,BLD VS TLN
Shyy,0,Lotus,KRU VS FUR
Benkai,0,Breeze,GE VS TLN
Kicks,0,Breeze,VIT VS TH
Crws,0,Lotus,GEN VS TLN
Karon,0,Lotus,GEN VS TLN
tex,0,Icebox,SEN VS LEV
Leo,0,Icebox,FNC VS TH
Enzo,0,Ascent,KOI VS TL
ardiis,0,Lotus,TL VS NAVI
Foxy9,0,Lotus,GE VS DRX
N4RRATE,0,Sunset,KC VS GX
hoody,0,Sunset,KC VS GX
reazy,0,Sunset,BBL VS M8
runi,0,Icebox,C9 VS LEV
crashies,0,Breeze,NRG VS FUR
invy,0,Sunset,TS VS ZETA
reazy,0,Split,BBL VS TH
Leo,0,Icebox,FNC VS KOI
Elite,0,Sunset,BBL VS TH
QutionerX,0,Ascent,BBL VS M8
JonahP,0,Split,G2 VS 100T
ShadoW,0,Icebox,BBL VS KOI
BeYN,0,Sunset,TS VS DRX
BORKUM,0,Split,TS VS RRQ
Cryocells,0,Bind,G2 VS 100T
Zellsis,0,Split,SEN VS 100T
Benkai,0,Lotus,GE VS TLN
Carpe,0,Breeze,T1 VS DRX
yuran,0,Icebox,TS VS ZETA
xccurate,0,Ascent,T1 VS DFM
Alfajer,0,Bind,FNC VS GX
crashies,0,Split,NRG VS FUR
Surf,0,Lotus,BLD VS TLN
Alfajer,0,Breeze,M8 VS FNC
trexx,0,Sunset,VIT VS TH
Lakia,0,Bind,GEN VS PRX
stax,0,Bind,T1 VS DRX
Retla,0,Lotus,BLD VS RRQ
Leo,0,Breeze,FNC VS GX
blaZek1ng,0,Ascent,GE VS DRX
SSeeS,0,Split,GEN VS DFM
Shao,0,Ascent,TL VS NAVI
Jamppi,0,Ascent,TL VS NAVI
aspas,0,Sunset,C9 VS LEV
Benkai,0,Icebox,GE VS TLN
hoody,0,Split,FNC VS GX
Kicks,0,Sunset,VIT VS FUT
Kicks,0,Icebox,VIT VS TH
N4RRATE,0,Sunset,KC VS NAVI
Alfajer,0,Bind,FNC VS KOI
Sayaplayer,0,Bind,T1 VS PRX
Carpe,0,Lotus,T1 VS RRQ
tomaszy,0,Bind,KC VS NAVI
hiroronn,0,Sunset,BLD VS ZETA
Medusa,0,Lotus,GEN VS DFM
MAGNUM,0,Bind,KC VS NAVI
Derrek,0,Sunset,C9 VS EG
nzr,0,Breeze,NRG VS FUR
Boo,0,Sunset,BBL VS TH
paTiTek,0,Breeze,VIT VS TH
mazin,0,Icebox,KRU VS MIBR
benjyfishy,0,Icebox,VIT VS TH
ShadoW,0,Breeze,BBL VS KOI
Kicks,0,Sunset,VIT VS TH
moose,0,Sunset,C9 VS EG
Boostio,0,Split,G2 VS 100T
starxo,0,Icebox,FNC VS KOI
tomaszy,0,Sunset,KC VS NAVI
Mistic,0,Split,TL VS FUT
Rossy,0,Lotus,T1 VS RRQ
Shao,0,Bind,VIT VS NAVI
SugarZ3ro,0,Icebox,GE VS ZETA
Jamppi,0,Icebox,TL VS GX
ShadoW,0,Split,KOI VS TL
JessieVash,0,Lotus,TS VS ZETA
