Name,Rating,Map,MatchTeams
Lmemore,2.09,Icebox,BLD VS RRQ
aspas,2.06,Icebox,C9 VS LEV
Zest,2.05,Ascent,BLD VS DFM
OXY,1.94,Split,C9 VS EG
OXY,1.86,Sunset,C9 VS EG
valyn,1.84,Icebox,G2 VS EG
Lightningfast,1.83,Icebox,GE VS TLN
aspas,1.8,Lotus,SEN VS LEV
MaKo,1.76,Split,T1 VS DRX
BuZz,1.71,Bind,T1 VS DRX
nataNk,1.71,Ascent,BBL VS M8
Chronicle,1.71,Lotus,M8 VS FNC
Laz,1.71,Sunset,GE VS ZETA
Zest,1.68,Ascent,BLD VS ZETA
MaKo,1.67,Lotus,TS VS DRX
benjyfishy,1.66,Sunset,VIT VS TH
trent,1.65,Icebox,G2 VS EG
iZu,1.65,Breeze,T1 VS DRX
Dep,1.64,Sunset,GE VS ZETA
Rossy,1.64,Ascent,T1 VS RRQ
QutionerX,1.6,Sunset,BBL VS TH
Demon1,1.6,Sunset,NRG VS LOUD
Shao,1.6,Lotus,VIT VS NAVI
Elite,1.6,Breeze,BBL VS KOI
Jremy,1.58,Split,TS VS RRQ
benjyfishy,1.58,Icebox,FNC VS TH
Demon1,1.57,Split,NRG VS FUR
Boaster,1.57,Bind,FNC VS GX
ban,1.56,Lotus,GE VS TLN
heat,1.56,Breeze,KRU VS FUR
Marved,1.56,Split,NRG VS FUR
qRaxs,1.55,Ascent,VIT VS FUT
JitBoyS,1.55,Bind,BLD VS TLN
sh1n,1.55,Breeze,KC VS GX
N4RRATE,1.55,Split,KC VS M8
xffero,1.55,Icebox,BLD VS RRQ
ardiis,1.54,Sunset,KC VS NAVI
heat,1.54,Icebox,KRU VS FUR
tomaszy,1.54,Split,KC VS M8
pAura,1.53,Breeze,BBL VS KOI
Derke,1.53,Lotus,M8 VS FNC
Jemkin,1.53,Lotus,BLD VS RRQ
BeYN,1.53,Split,GEN VS DRX
ANGE1,1.52,Bind,VIT VS NAVI
t3xture,1.52,Split,GEN VS DFM
beyAz,1.51,Sunset,BBL VS M8
Sacy,1.51,Icebox,SEN VS 100T
moose,1.51,Split,C9 VS EG
Alfajer,1.49,Icebox,FNC VS KOI
N4RRATE,1.48,Bind,KC VS NAVI
N4RRATE,1.48,Icebox,KC VS M8
nAts,1.48,Icebox,TL VS GX
Dep,1.48,Lotus,TS VS ZETA
Brave,1.47,Icebox,BBL VS KOI
Meiy,1.46,Ascent,T1 VS DFM
MiniBoo,1.46,Icebox,FNC VS TH
sScary,1.46,Lotus,BLD VS DFM
Asuna,1.46,Split,G2 VS 100T
marteen,1.46,Bind,KC VS NAVI
Surf,1.46,Icebox,BLD VS TLN
SugarZ3ro,1.45,Lotus,TS VS ZETA
Victor,1.45,Breeze,NRG VS FUR
iZu,1.45,Lotus,T1 VS RRQ
Meiy,1.44,Lotus,GEN VS DFM
Zyppan,1.44,Ascent,TL VS NAVI
Fit1nho,1.44,Breeze,FNC VS GX
Elite,1.44,Icebox,BBL VS KOI
Fit1nho,1.44,Sunset,KC VS GX
Enzo,1.43,Ascent,TL VS GX
tomaszy,1.43,Icebox,KC VS M8
reazy,1.43,Breeze,BBL VS KOI
AtaKaptan,1.43,Breeze,KC VS FUT
runi,1.43,Sunset,C9 VS LEV
crashies,1.43,Sunset,NRG VS LOUD
Brave,1.42,Split,BBL VS TH
mindfreak,1.42,Bind,GEN VS PRX
nAts,1.42,Lotus,TL VS NAVI
yuran,1.42,Sunset,GE VS ZETA
qRaxs,1.42,Lotus,KC VS FUT
sScary,1.42,Lotus,BLD VS TLN
JonahP,1.42,Icebox,G2 VS EG
Lightningfast,1.42,Icebox,GE VS ZETA
tomaszy,1.41,Sunset,KC VS GX
something,1.41,Bind,GEN VS PRX
BORKUM,1.41,Sunset,TS VS ZETA
QutionerX,1.41,Icebox,BBL VS KOI
MaKo,1.41,Ascent,GE VS DRX
Lmemore,1.41,Lotus,BLD VS RRQ
Zyppan,1.4,Lotus,VIT VS NAVI
iZu,1.4,Lotus,T1 VS DFM
Carpe,1.4,Lotus,T1 VS DFM
Foxy9,1.4,Ascent,GE VS DRX
t3xture,1.4,Ascent,GEN VS TLN
nzr,1.4,Lotus,KRU VS FUR
Derke,1.39,Breeze,M8 VS FNC
SugarZ3ro,1.39,Sunset,BLD VS ZETA
Alfajer,1.39,Split,FNC VS GX
hoody,1.39,Lotus,TL VS GX
cNed,1.39,Split,TL VS FUT
Shao,1.39,Split,TL VS NAVI
Munchkin,1.39,Ascent,GEN VS DRX
invy,1.39,Icebox,TS VS ZETA
stax,1.39,Split,T1 VS DRX
yay,1.39,Ascent,BLD VS DFM
xccurate,1.39,Lotus,T1 VS RRQ
Foxy9,1.39,Split,GEN VS DRX
Leo,1.38,Split,FNC VS GX
JonahP,1.38,Lotus,G2 VS EG
Shao,1.38,Sunset,KC VS NAVI
Leo,1.38,Breeze,M8 VS FNC
keznit,1.38,Lotus,KRU VS FUR
Foxy9,1.38,Bind,GEN VS DRX
BuZz,1.37,Split,T1 VS DRX
kiNgg,1.37,Ascent,C9 VS LEV
Alfajer,1.37,Lotus,M8 VS FNC
SUYGETSU,1.37,Lotus,VIT VS NAVI
xffero,1.37,Lotus,BLD VS RRQ
marteen,1.37,Breeze,KC VS GX
Shyy,1.37,Breeze,KRU VS FUR
iZu,1.37,Ascent,T1 VS RRQ
JessieVash,1.36,Sunset,TS VS ZETA
Estrella,1.36,Lotus,BLD VS RRQ
Deryeon,1.36,Ascent,BLD VS DFM
SugarZ3ro,1.36,Sunset,GE VS ZETA
ANGE1,1.36,Ascent,TL VS NAVI
Mistic,1.36,Ascent,KOI VS TL
MAGNUM,1.36,Icebox,KC VS M8
Chronicle,1.36,Split,FNC VS GX
heat,1.35,Lotus,KRU VS FUR
Zellsis,1.35,Split,SEN VS 100T
qRaxs,1.35,Icebox,TL VS FUT
yetujey,1.35,Breeze,KC VS FUT
Redgar,1.35,Breeze,FNC VS GX
Zest,1.35,Split,BLD VS DFM
Xeppaa,1.35,Sunset,C9 VS LEV
runneR,1.35,Icebox,VIT VS TH
Alfajer,1.35,Bind,FNC VS GX
crashies,1.35,Split,NRG VS FUR
sh1n,1.35,Bind,KC VS FUT
trexx,1.35,Sunset,VIT VS FUT
stax,1.35,Bind,T1 VS DRX
mindfreak,1.35,Lotus,GEN VS PRX
Cryocells,1.34,Bind,G2 VS 100T
BeYN,1.34,Sunset,TS VS DRX
ban,1.34,Icebox,BLD VS TLN
BORKUM,1.34,Split,TS VS RRQ
Mazino,1.34,Icebox,C9 VS LEV
MiniBoo,1.34,Icebox,VIT VS TH
valyn,1.34,Lotus,G2 VS EG
hiroronn,1.34,Sunset,GE VS ZETA
JitBoyS,1.34,Breeze,GE VS TLN
Rossy,1.34,Sunset,T1 VS DFM
trent,1.33,Lotus,G2 VS EG
Chronicle,1.33,Icebox,FNC VS KOI
Karon,1.33,Lotus,GEN VS DFM
purp0,1.33,Breeze,FNC VS GX
bang,1.33,Split,G2 VS 100T
Russ,1.33,Icebox,GE VS TLN
Marved,1.33,Breeze,NRG VS LOUD
cNed,1.33,Lotus,KC VS FUT
yuran,1.33,Lotus,TS VS ZETA
OXY,1.33,Ascent,C9 VS LEV
TakaS,1.33,Sunset,BBL VS M8
Jamppi,1.32,Ascent,TL VS GX
Leo,1.32,Icebox,FNC VS KOI
Laz,1.32,Lotus,BLD VS ZETA
leaf,1.32,Lotus,G2 VS EG
BORKUM,1.32,Icebox,TS VS ZETA
Victor,1.32,Split,NRG VS FUR
Sayaplayer,1.32,Lotus,T1 VS DFM
Elite,1.32,Sunset,BBL VS TH
SUYGETSU,1.32,Lotus,TL VS NAVI
aspas,1.32,Ascent,C9 VS LEV
Derke,1.31,Icebox,FNC VS KOI
TenZ,1.31,Split,SEN VS 100T
Boaster,1.31,Lotus,M8 VS FNC
Lakia,1.3,Ascent,GEN VS TLN
Governor,1.3,Icebox,BLD VS TLN
stax,1.3,Lotus,GE VS DRX
reazy,1.3,Split,BBL VS TH
something,1.3,Lotus,GEN VS PRX
MiniBoo,1.3,Breeze,VIT VS TH
Dep,1.3,Icebox,GE VS ZETA
N4RRATE,1.3,Breeze,KC VS GX
cNed,1.29,Breeze,KC VS FUT
invy,1.29,Sunset,TS VS ZETA
Boo,1.29,Icebox,FNC VS TH
Xeppaa,1.29,Split,C9 VS EG
Cloud,1.29,Breeze,FNC VS GX
MaKo,1.29,Bind,T1 VS DRX
Sayf,1.29,Sunset,VIT VS FUT
yetujey,1.29,Lotus,KC VS FUT
Less,1.29,Breeze,NRG VS LOUD
Cryocells,1.29,Icebox,SEN VS 100T
Karon,1.28,Ascent,GEN VS TLN
SSeeS,1.28,Lotus,BLD VS DFM
runi,1.28,Lotus,C9 VS EG
leaf,1.28,Icebox,G2 VS EG
Klaus,1.28,Icebox,KRU VS MIBR
tomaszy,1.28,Split,KC VS NAVI
trexx,1.28,Icebox,VIT VS FUT
Munchkin,1.28,Lotus,GEN VS DFM
Marved,1.27,Sunset,NRG VS LOUD
runi,1.27,Split,C9 VS EG
eeiu,1.27,Bind,G2 VS 100T
ANGE1,1.27,Sunset,KC VS NAVI
Victor,1.27,Sunset,NRG VS LOUD
Shao,1.27,Ascent,TL VS NAVI
Redgar,1.27,Icebox,TL VS GX
keznit,1.27,Breeze,KRU VS FUR
sScary,1.27,Split,BLD VS DFM
invy,1.27,Split,TS VS RRQ
Elite,1.27,Sunset,BBL VS M8
Laz,1.27,Ascent,GE VS ZETA
Leo,1.26,Lotus,M8 VS FNC
Benkai,1.26,Icebox,GE VS TLN
nAts,1.26,Split,KOI VS TL
ardiis,1.26,Bind,KC VS NAVI
NaturE,1.26,Lotus,G2 VS EG
Jemkin,1.26,Split,TS VS RRQ
marteen,1.25,Bind,KC VS FUT
Lakia,1.25,Lotus,GEN VS DFM
marteen,1.25,Split,KC VS M8
MaKo,1.25,Sunset,TS VS DRX
Shao,1.25,Bind,VIT VS NAVI
fl1pzjder,1.25,Breeze,TS VS RRQ
Demon1,1.24,Breeze,NRG VS LOUD
Wailers,1.24,Ascent,BBL VS M8
SugarZ3ro,1.24,Ascent,GE VS ZETA
sScary,1.24,Bind,BLD VS TLN
stax,1.24,Bind,GEN VS DRX
trexx,1.24,Breeze,VIT VS TH
Kicks,1.24,Sunset,VIT VS TH
keznit,1.24,Sunset,KRU VS MIBR
Jemkin,1.24,Icebox,TS VS RRQ
tomaszy,1.24,Sunset,KC VS NAVI
Cloud,1.24,Sunset,KC VS GX
keznit,1.24,Icebox,KRU VS FUR
Derke,1.23,Bind,FNC VS KOI
MiniBoo,1.23,Sunset,VIT VS TH
Russ,1.23,Breeze,GE VS TLN
Meiy,1.23,Sunset,T1 VS DFM
vanity,1.23,Sunset,C9 VS LEV
Anthem,1.23,Lotus,BLD VS DFM
nzr,1.23,Breeze,NRG VS FUR
Sayaplayer,1.22,Ascent,T1 VS RRQ
ardiis,1.22,Lotus,VIT VS NAVI
cNed,1.22,Ascent,VIT VS FUT
Xeppaa,1.22,Sunset,C9 VS EG
Chronicle,1.22,Breeze,M8 VS FNC
blaZek1ng,1.22,Lotus,GE VS TLN
MaKo,1.22,Bind,GEN VS DRX
d4v41,1.22,Bind,T1 VS PRX
Deryeon,1.22,Sunset,BLD VS ZETA
benjyfishy,1.22,Sunset,BBL VS TH
t3xture,1.22,Lotus,GEN VS TLN
Zyppan,1.22,Split,KC VS NAVI
invy,1.22,Lotus,TS VS DRX
grubinho,1.22,Bind,FNC VS KOI
johnqt,1.21,Split,SEN VS 100T
BeYN,1.21,Lotus,GE VS DRX
eeiu,1.21,Split,G2 VS 100T
tomaszy,1.21,Breeze,KC VS GX
Mistic,1.21,Lotus,TL VS NAVI
ardiis,1.21,Split,TL VS NAVI
tomaszy,1.21,Bind,KC VS NAVI
Leo,1.21,Lotus,FNC VS TH
f0rsakeN,1.21,Icebox,GEN VS PRX
Kicks,1.2,Icebox,VIT VS TH
MrFaliN,1.2,Lotus,KC VS FUT
yetujey,1.2,Split,TL VS FUT
Deryeon,1.2,Lotus,BLD VS TLN
MrFaliN,1.2,Split,TL VS FUT
supamen,1.2,Lotus,C9 VS EG
Munchkin,1.2,Lotus,GEN VS TLN
SUYGETSU,1.2,Split,KC VS NAVI
johnqt,1.2,Lotus,SEN VS LEV
Lightningfast,1.2,Breeze,GE VS TLN
ceNder,1.2,Icebox,VIT VS TH
Governor,1.19,Lotus,GE VS TLN
Anthem,1.19,Ascent,T1 VS DFM
sScary,1.19,Ascent,BLD VS DFM
NDG,1.19,Split,TS VS RRQ
crashies,1.19,Breeze,NRG VS LOUD
Foxy9,1.19,Lotus,GE VS DRX
beyAz,1.19,Ascent,BBL VS M8
N4RRATE,1.19,Sunset,KC VS GX
Chronicle,1.19,Bind,FNC VS KOI
RieNs,1.19,Breeze,VIT VS TH
Laz,1.19,Sunset,BLD VS ZETA
cNed,1.19,Sunset,VIT VS FUT
Keiko,1.19,Icebox,TL VS GX
MrFaliN,1.19,Ascent,VIT VS FUT
MrFaliN,1.19,Icebox,TL VS FUT
ardiis,1.18,Split,KC VS NAVI
Crws,1.18,Lotus,GE VS TLN
Retla,1.18,Split,BLD VS DFM
SUYGETSU,1.18,Ascent,TL VS NAVI
Munchkin,1.18,Split,GEN VS DFM
Chronicle,1.18,Bind,FNC VS GX
f0rsakeN,1.18,Bind,GEN VS PRX
Sayf,1.18,Bind,VIT VS NAVI
kiNgg,1.18,Lotus,SEN VS LEV
Laz,1.18,Ascent,BLD VS ZETA
Cloud,1.18,Ascent,TL VS GX
JitBoyS,1.18,Lotus,BLD VS TLN
mwzera,1.18,Icebox,KRU VS FUR
Jinggg,1.17,Lotus,T1 VS PRX
Foxy9,1.17,Split,T1 VS DRX
Fit1nho,1.17,Lotus,TL VS GX
Russ,1.17,Icebox,GE VS ZETA
Klaus,1.17,Breeze,KRU VS FUR
purp0,1.17,Sunset,KC VS GX
something,1.17,Icebox,GEN VS PRX
Jinggg,1.17,Bind,T1 VS PRX
keznit,1.17,Icebox,KRU VS MIBR
Lmemore,1.17,Lotus,T1 VS RRQ
trexx,1.16,Icebox,VIT VS TH
Sayf,1.16,Ascent,VIT VS FUT
Klaus,1.16,Sunset,KRU VS MIBR
MaKo,1.16,Lotus,GE VS DRX
Rossy,1.16,Lotus,T1 VS DFM
sh1n,1.16,Sunset,KC VS GX
Leo,1.16,Bind,FNC VS KOI
Derrek,1.16,Lotus,C9 VS EG
C0M,1.16,Icebox,SEN VS LEV
Jemkin,1.16,Icebox,BLD VS RRQ
johnqt,1.16,Icebox,SEN VS 100T
Melser,1.16,Lotus,KRU VS FUR
MaKo,1.16,Breeze,T1 VS DRX
SUYGETSU,1.16,Split,TL VS NAVI
BuZz,1.16,Ascent,GE VS DRX
Jremy,1.16,Icebox,TS VS RRQ
yay,1.16,Ascent,BLD VS ZETA
yay,1.16,Lotus,BLD VS TLN
SSeeS,1.16,Split,BLD VS DFM
logaN,1.16,Icebox,KC VS M8
xccurate,1.16,Lotus,T1 VS PRX
BuZz,1.16,Ascent,GEN VS DRX
RieNs,1.16,Sunset,VIT VS TH
Jamppi,1.16,Lotus,TL VS NAVI
Keiko,1.16,Lotus,TL VS NAVI
ceNder,1.15,Icebox,VIT VS FUT
Cloud,1.15,Lotus,TL VS GX
Mistic,1.15,Split,KOI VS TL
stax,1.15,Split,GEN VS DRX
heat,1.15,Sunset,KRU VS MIBR
yetujey,1.15,Icebox,TL VS FUT
BORKUM,1.15,Breeze,TS VS RRQ
aspas,1.15,Icebox,SEN VS LEV
Demon1,1.15,Breeze,NRG VS FUR
Foxy9,1.15,Sunset,TS VS DRX
jawgemo,1.14,Lotus,C9 VS EG
Jremy,1.14,Lotus,TS VS ZETA
bang,1.14,Icebox,SEN VS 100T
paTiTek,1.14,Sunset,VIT VS TH
AtaKaptan,1.13,Split,TL VS FUT
BeYN,1.13,Split,T1 VS DRX
Zest,1.13,Lotus,BLD VS ZETA
Boaster,1.13,Breeze,M8 VS FNC
starxo,1.13,Bind,FNC VS KOI
Leo,1.13,Bind,FNC VS GX
xffero,1.13,Breeze,TS VS RRQ
Medusa,1.13,Ascent,T1 VS DFM
Sacy,1.13,Split,SEN VS 100T
purp0,1.13,Bind,FNC VS GX
zekken,1.13,Split,SEN VS 100T
Meiy,1.13,Lotus,T1 VS DFM
Meteor,1.13,Lotus,GEN VS PRX
TenZ,1.13,Icebox,SEN VS LEV
heat,1.12,Icebox,KRU VS MIBR
vanity,1.12,Sunset,C9 VS EG
Laz,1.12,Lotus,TS VS ZETA
JonahP,1.12,Bind,G2 VS 100T
MrFaliN,1.12,Breeze,KC VS FUT
runi,1.12,Ascent,C9 VS LEV
Rossy,1.12,Bind,T1 VS DRX
MrFaliN,1.12,Icebox,VIT VS FUT
MAGNUM,1.12,Sunset,KC VS NAVI
Medusa,1.12,Lotus,BLD VS DFM
TenZ,1.12,Icebox,SEN VS 100T
ANGE1,1.12,Split,KC VS NAVI
Fit1nho,1.12,Icebox,TL VS GX
Jamppi,1.12,Split,KOI VS TL
Keiko,1.12,Split,TL VS NAVI
BuZz,1.12,Lotus,GE VS DRX
Russ,1.11,Lotus,GE VS DRX
Jinggg,1.11,Icebox,GEN VS PRX
sScary,1.11,Ascent,BLD VS ZETA
fl1pzjder,1.11,Lotus,BLD VS RRQ
Foxy9,1.11,Lotus,TS VS DRX
Rossy,1.11,Bind,T1 VS PRX
yuran,1.11,Ascent,GE VS ZETA
cNed,1.11,Bind,KC VS FUT
Jinggg,1.11,Bind,GEN VS PRX
invy,1.11,Icebox,TS VS RRQ
Sayaplayer,1.11,Lotus,T1 VS PRX
Enzo,1.11,Ascent,TL VS NAVI
nAts,1.11,Ascent,KOI VS TL
trent,1.11,Split,G2 VS 100T
lenne,1.11,Ascent,GEN VS TLN
trexx,1.11,Ascent,VIT VS FUT
ceNder,1.11,Breeze,VIT VS TH
Sayaplayer,1.11,Ascent,T1 VS DFM
NaturE,1.1,Lotus,C9 VS EG
Khalil,1.1,Icebox,KRU VS FUR
JitBoyS,1.1,Lotus,GE VS TLN
something,1.1,Bind,T1 VS PRX
Elite,1.1,Split,BBL VS TH
Carpe,1.1,Ascent,T1 VS RRQ
hoody,1.1,Breeze,FNC VS GX
Keiko,1.1,Ascent,KOI VS TL
BeYN,1.1,Ascent,GEN VS DRX
Enzo,1.1,Ascent,KOI VS TL
Cryocells,1.1,Split,G2 VS 100T
bang,1.1,Bind,G2 VS 100T
pAura,1.1,Ascent,BBL VS M8
runneR,1.1,Icebox,VIT VS FUT
Sayaplayer,1.1,Lotus,T1 VS RRQ
Apoth,1.1,Sunset,C9 VS EG
runneR,1.1,Lotus,VIT VS NAVI
ardiis,1.1,Ascent,TL VS NAVI
yuran,1.1,Lotus,BLD VS ZETA
NDG,1.1,Icebox,TS VS ZETA
Shyy,1.09,Lotus,KRU VS FUR
MAGNUM,1.09,Breeze,KC VS GX
SugarZ3ro,1.09,Lotus,BLD VS ZETA
ceNder,1.09,Sunset,VIT VS FUT
xccurate,1.09,Ascent,T1 VS RRQ
BeYN,1.09,Bind,T1 VS DRX
pAura,1.09,Split,BBL VS TH
Crws,1.09,Lotus,GEN VS TLN
something,1.09,Lotus,T1 VS PRX
iZu,1.09,Sunset,T1 VS DFM
Russ,1.09,Ascent,GE VS DRX
Keiko,1.09,Icebox,TL VS FUT
BuZz,1.09,Lotus,TS VS DRX
Mazino,1.09,Lotus,SEN VS LEV
Surf,1.09,Bind,BLD VS TLN
Karon,1.09,Lotus,GEN VS TLN
kiNgg,1.09,Icebox,SEN VS LEV
Zellsis,1.08,Icebox,SEN VS LEV
Karon,1.08,Split,GEN VS DFM
Mistic,1.08,Icebox,TL VS GX
Ethan,1.08,Breeze,NRG VS FUR
Keiko,1.08,Ascent,TL VS GX
benjyfishy,1.08,Lotus,FNC VS TH
Boaster,1.08,Lotus,FNC VS TH
Polvi,1.08,Ascent,GE VS DRX
ban,1.08,Lotus,GEN VS TLN
Laz,1.08,Icebox,GE VS ZETA
RieNs,1.08,Lotus,FNC VS TH
sh1n,1.08,Split,KC VS M8
Governor,1.08,Icebox,GE VS TLN
Carpe,1.08,Bind,T1 VS PRX
t3xture,1.08,Bind,GEN VS DRX
Alfajer,1.07,Lotus,FNC VS TH
Shyy,1.07,Icebox,KRU VS MIBR
Zellsis,1.07,Icebox,SEN VS 100T
hiroronn,1.07,Icebox,TS VS ZETA
runneR,1.07,Sunset,VIT VS FUT
logaN,1.07,Breeze,M8 VS FNC
stax,1.07,Sunset,TS VS DRX
Lmemore,1.07,Breeze,TS VS RRQ
nataNk,1.07,Breeze,M8 VS FNC
ban,1.07,Ascent,GEN VS TLN
Meiy,1.07,Ascent,BLD VS DFM
Lakia,1.07,Lotus,GEN VS PRX
neth,1.07,Sunset,T1 VS DFM
Russ,1.07,Ascent,GE VS ZETA
valyn,1.06,Bind,G2 VS 100T
SSeeS,1.06,Sunset,T1 VS DFM
SUYGETSU,1.06,Bind,KC VS NAVI
Medusa,1.06,Split,GEN VS DFM
MAGNUM,1.06,Sunset,KC VS GX
BeYN,1.06,Breeze,T1 VS DRX
trent,1.06,Bind,G2 VS 100T
BuZz,1.06,Breeze,T1 VS DRX
kamo,1.06,Icebox,BBL VS KOI
Laz,1.05,Sunset,TS VS ZETA
d4v41,1.05,Lotus,GEN VS PRX
vanity,1.05,Split,C9 VS EG
Melser,1.05,Sunset,KRU VS MIBR
Melser,1.05,Breeze,KRU VS FUR
Lakia,1.05,Lotus,GEN VS TLN
qRaxs,1.05,Split,TL VS FUT
ShadoW,1.05,Ascent,KOI VS TL
Boo,1.05,Lotus,FNC VS TH
Meteor,1.05,Ascent,GEN VS DRX
Governor,1.05,Breeze,GE VS TLN
sheydos,1.05,Ascent,KOI VS TL
Polvi,1.05,Icebox,GE VS TLN
Xeppaa,1.05,Ascent,C9 VS LEV
mindfreak,1.04,Lotus,T1 VS PRX
Crws,1.04,Icebox,BLD VS TLN
kiNgg,1.04,Icebox,C9 VS LEV
Melser,1.04,Icebox,KRU VS MIBR
d4v41,1.04,Icebox,GEN VS PRX
t3xture,1.04,Lotus,GEN VS DFM
BeYN,1.04,Lotus,TS VS DRX
zekken,1.04,Icebox,SEN VS LEV
t3xture,1.04,Lotus,GEN VS PRX
nataNk,1.04,Icebox,KC VS M8
nAts,1.04,Split,TL VS NAVI
runneR,1.04,Bind,VIT VS NAVI
f0rsakeN,1.04,Bind,T1 VS PRX
MrFaliN,1.03,Bind,KC VS FUT
SSeeS,1.03,Ascent,T1 VS DFM
AtaKaptan,1.03,Ascent,VIT VS FUT
Carpe,1.03,Ascent,T1 VS DFM
invy,1.03,Sunset,TS VS DRX
d4v41,1.03,Lotus,T1 VS PRX
reazy,1.03,Sunset,BBL VS TH
Benkai,1.03,Ascent,GE VS ZETA
Lightningfast,1.03,Ascent,GE VS ZETA
Governor,1.03,Bind,BLD VS TLN
f0rsakeN,1.03,Lotus,T1 VS PRX
sScary,1.03,Lotus,BLD VS ZETA
Elite,1.03,Ascent,BBL VS M8
grubinho,1.03,Split,KOI VS TL
Mistic,1.02,Lotus,TL VS GX
Retla,1.02,Lotus,BLD VS TLN
Estrella,1.02,Icebox,TS VS RRQ
mindfreak,1.02,Icebox,GEN VS PRX
Shyy,1.02,Sunset,KRU VS MIBR
purp0,1.02,Split,FNC VS GX
BuZz,1.02,Split,GEN VS DRX
Sayf,1.02,Breeze,VIT VS TH
QutionerX,1.02,Sunset,BBL VS M8
nataNk,1.02,Sunset,BBL VS M8
nataNk,1.02,Lotus,M8 VS FNC
neth,1.01,Ascent,T1 VS DFM
BeYN,1.01,Ascent,GE VS DRX
stax,1.01,Lotus,TS VS DRX
yay,1.01,Icebox,BLD VS TLN
SUYGETSU,1.01,Sunset,KC VS NAVI
kiNgg,1.01,Sunset,C9 VS LEV
Shao,1.01,Lotus,TL VS NAVI
runi,1.01,Sunset,C9 VS EG
Sayf,1.01,Sunset,VIT VS TH
tuyz,1.01,Breeze,NRG VS LOUD
sh1n,1.01,Lotus,KC VS FUT
jzz,1.01,Icebox,KRU VS MIBR
yuran,1.01,Ascent,BLD VS ZETA
Keiko,1.01,Lotus,TL VS GX
JessieVash,1.01,Sunset,TS VS DRX
Munchkin,1.01,Icebox,GEN VS PRX
sheydos,1.0,Bind,FNC VS KOI
f0rsakeN,1.0,Lotus,GEN VS PRX
xccurate,1.0,Breeze,T1 VS DRX
Jamppi,1.0,Ascent,KOI VS TL
Lmemore,1.0,Icebox,TS VS RRQ
OXY,1.0,Sunset,C9 VS LEV
SugarZ3ro,1.0,Ascent,BLD VS ZETA
Deryeon,1.0,Icebox,BLD VS TLN
BeYN,1.0,Bind,GEN VS DRX
blaZek1ng,1.0,Ascent,GE VS ZETA
kamo,1.0,Split,KOI VS TL
Retla,1.0,Sunset,BLD VS ZETA
xffero,1.0,Split,TS VS RRQ
Polvi,1.0,Icebox,GE VS ZETA
NaturE,1.0,Icebox,G2 VS EG
Boaster,0.99,Split,FNC VS GX
Lakia,0.99,Split,GEN VS DFM
d4v41,0.99,Bind,GEN VS PRX
Mistic,0.99,Ascent,TL VS GX
sh1n,0.99,Icebox,KC VS M8
Boostio,0.99,Bind,G2 VS 100T
BORKUM,0.99,Icebox,TS VS RRQ
Medusa,0.99,Sunset,T1 VS DFM
Meteor,0.99,Lotus,GEN VS TLN
Enzo,0.99,Lotus,TL VS GX
Sayf,0.99,Icebox,VIT VS FUT
Redgar,0.99,Ascent,TL VS GX
Kicks,0.98,Ascent,VIT VS FUT
Anthem,0.98,Split,GEN VS DFM
marteen,0.98,Split,KC VS NAVI
kon4n,0.98,Breeze,NRG VS FUR
t3xture,0.98,Ascent,GEN VS DRX
Crws,0.98,Bind,BLD VS TLN
Enzo,0.98,Split,KOI VS TL
Marved,0.98,Breeze,NRG VS FUR
pAura,0.98,Sunset,BBL VS TH
MaKo,0.98,Split,GEN VS DRX
MAGNUM,0.98,Split,KC VS M8
Karon,0.98,Bind,GEN VS PRX
Chronicle,0.98,Lotus,FNC VS TH
Estrella,0.98,Breeze,TS VS RRQ
Dep,0.98,Icebox,TS VS ZETA
QutionerX,0.98,Split,BBL VS TH
Governor,0.98,Lotus,GEN VS TLN
Sayaplayer,0.98,Breeze,T1 VS DRX
grubinho,0.98,Icebox,FNC VS KOI
sScary,0.98,Icebox,BLD VS RRQ
Karon,0.98,Icebox,GEN VS PRX
Lightningfast,0.98,Ascent,GE VS DRX
Lightningfast,0.98,Lotus,GE VS TLN
Boo,0.98,Breeze,VIT VS TH
AtaKaptan,0.98,Icebox,VIT VS FUT
Kicks,0.97,Breeze,VIT VS TH
reazy,0.97,Icebox,BBL VS KOI
tex,0.97,Icebox,SEN VS LEV
stax,0.97,Ascent,GEN VS DRX
Munchkin,0.97,Ascent,GEN VS TLN
Munchkin,0.97,Split,GEN VS DRX
Apoth,0.97,Lotus,C9 VS EG
kon4n,0.97,Icebox,KRU VS FUR
Retla,0.97,Ascent,BLD VS ZETA
trexx,0.97,Bind,VIT VS NAVI
Benkai,0.97,Breeze,GE VS TLN
Ethan,0.97,Sunset,NRG VS LOUD
Zyppan,0.97,Bind,KC VS NAVI
Dep,0.97,Lotus,BLD VS ZETA
Asuna,0.97,Split,SEN VS 100T
yetujey,0.97,Icebox,VIT VS FUT
Meiy,0.97,Split,BLD VS DFM
Benkai,0.97,Lotus,GE VS DRX
Lakia,0.97,Icebox,GEN VS PRX
AtaKaptan,0.96,Lotus,KC VS FUT
Anthem,0.96,Sunset,T1 VS DFM
sheydos,0.96,Icebox,BBL VS KOI
Karon,0.96,Bind,GEN VS DRX
moose,0.96,Lotus,C9 VS EG
qRaxs,0.96,Bind,KC VS FUT
Jremy,0.96,Icebox,TS VS ZETA
Leo,0.96,Icebox,FNC VS TH
Dep,0.95,Sunset,BLD VS ZETA
SUYGETSU,0.95,Bind,VIT VS NAVI
NaturE,0.95,Sunset,C9 VS EG
N4RRATE,0.95,Bind,KC VS FUT
logaN,0.95,Ascent,BBL VS M8
Crws,0.95,Lotus,BLD VS TLN
BuZz,0.95,Bind,GEN VS DRX
BORKUM,0.95,Lotus,TS VS DRX
grubinho,0.95,Breeze,BBL VS KOI
Retla,0.95,Lotus,BLD VS ZETA
Enzo,0.95,Lotus,TL VS NAVI
Meteor,0.95,Split,GEN VS DFM
tex,0.95,Ascent,C9 VS LEV
NDG,0.95,Breeze,TS VS RRQ
mwzera,0.95,Breeze,NRG VS FUR
BuZz,0.95,Sunset,TS VS DRX
Alfajer,0.95,Breeze,FNC VS GX
Jremy,0.95,Sunset,TS VS ZETA
Derke,0.95,Icebox,FNC VS TH
yay,0.95,Bind,BLD VS TLN
paTiTek,0.95,Icebox,FNC VS TH
Zyppan,0.95,Lotus,TL VS NAVI
Zest,0.95,Sunset,BLD VS ZETA
Meteor,0.95,Bind,GEN VS DRX
leaf,0.95,Bind,G2 VS 100T
tomaszy,0.94,Bind,KC VS FUT
MAGNUM,0.94,Bind,KC VS FUT
Rossy,0.94,Lotus,T1 VS PRX
NDG,0.94,Sunset,TS VS ZETA
ceNder,0.94,Bind,VIT VS NAVI
cNed,0.94,Icebox,TL VS FUT
hiroronn,0.94,Lotus,BLD VS ZETA
JessieVash,0.94,Icebox,TS VS ZETA
Meteor,0.94,Lotus,GEN VS DFM
runneR,0.94,Breeze,VIT VS TH
purp0,0.94,Lotus,TL VS GX
N4RRATE,0.94,Lotus,KC VS FUT
sheydos,0.94,Split,KOI VS TL
marteen,0.94,Icebox,KC VS M8
artzin,0.94,Icebox,KRU VS MIBR
Lmemore,0.93,Ascent,T1 VS RRQ
Boaster,0.93,Bind,FNC VS KOI
JessieVash,0.93,Split,TS VS RRQ
hiroronn,0.93,Lotus,TS VS ZETA
RieNs,0.93,Split,BBL VS TH
Derrek,0.93,Lotus,G2 VS EG
xccurate,0.93,Bind,T1 VS DRX
Estrella,0.93,Lotus,T1 VS RRQ
Cloud,0.93,Breeze,KC VS GX
frz,0.93,Icebox,KRU VS MIBR
Jremy,0.93,Breeze,TS VS RRQ
havoc,0.93,Icebox,KRU VS FUR
sScary,0.93,Lotus,BLD VS RRQ
mindfreak,0.92,Bind,T1 VS PRX
Jemkin,0.92,Breeze,TS VS RRQ
stax,0.92,Breeze,T1 VS DRX
nzr,0.92,Split,NRG VS FUR
Boo,0.92,Split,BBL VS TH
qRaxs,0.92,Breeze,KC VS FUT
Ethan,0.92,Split,NRG VS FUR
Jamppi,0.92,Lotus,TL VS GX
eeiu,0.92,Split,SEN VS 100T
logaN,0.92,Sunset,BBL VS M8
xffero,0.92,Icebox,TS VS RRQ
Brave,0.92,Breeze,BBL VS KOI
moose,0.92,Ascent,C9 VS LEV
Cryocells,0.92,Split,SEN VS 100T
hiroronn,0.92,Icebox,GE VS ZETA
NDG,0.92,Icebox,TS VS RRQ
xccurate,0.92,Bind,T1 VS PRX
yetujey,0.92,Bind,KC VS FUT
Keiko,0.92,Split,KOI VS TL
Dep,0.92,Ascent,GE VS ZETA
MAGNUM,0.92,Breeze,KC VS FUT
starxo,0.92,Breeze,BBL VS KOI
N4RRATE,0.91,Breeze,KC VS FUT
paTiTek,0.91,Split,BBL VS TH
Retla,0.91,Bind,BLD VS TLN
hoody,0.91,Bind,FNC VS GX
Deryeon,0.91,Split,BLD VS DFM
SSeeS,0.91,Lotus,T1 VS DFM
Lakia,0.91,Ascent,GEN VS DRX
xccurate,0.91,Lotus,T1 VS DFM
Deryeon,0.91,Ascent,BLD VS ZETA
Karon,0.91,Ascent,GEN VS DRX
yuran,0.91,Sunset,TS VS ZETA
moose,0.91,Icebox,C9 VS LEV
yay,0.91,Split,BLD VS DFM
Dep,0.91,Sunset,TS VS ZETA
SugarZ3ro,0.91,Icebox,TS VS ZETA
nataNk,0.91,Split,KC VS M8
Jamppi,0.91,Icebox,TL VS FUT
MaKo,0.9,Ascent,GEN VS DRX
Enzo,0.9,Icebox,TL VS GX
qRaxs,0.9,Icebox,VIT VS FUT
Khalil,0.9,Breeze,KRU VS FUR
Rossy,0.9,Ascent,T1 VS DFM
leaf,0.9,Split,G2 VS 100T
Benkai,0.9,Icebox,GE VS ZETA
cNed,0.9,Icebox,VIT VS FUT
icy,0.9,Bind,G2 VS 100T
C0M,0.89,Icebox,C9 VS LEV
Boaster,0.89,Icebox,FNC VS KOI
icy,0.89,Icebox,G2 VS EG
Retla,0.89,Lotus,BLD VS DFM
JessieVash,0.89,Icebox,TS VS RRQ
xccurate,0.89,Sunset,T1 VS DFM
Shao,0.89,Split,KC VS NAVI
frz,0.89,Sunset,KRU VS MIBR
Deryeon,0.89,Icebox,BLD VS RRQ
Shyy,0.89,Icebox,KRU VS FUR
Melser,0.89,Icebox,KRU VS FUR
ceNder,0.89,Sunset,VIT VS TH
Sayf,0.89,Icebox,VIT VS TH
ceNder,0.89,Ascent,VIT VS FUT
neth,0.88,Lotus,BLD VS DFM
Crws,0.88,Breeze,GE VS TLN
Sacy,0.88,Lotus,SEN VS LEV
Surf,0.88,Breeze,GE VS TLN
sScary,0.88,Icebox,BLD VS TLN
hiroronn,0.88,Sunset,TS VS ZETA
nAts,0.88,Icebox,TL VS FUT
Enzo,0.88,Icebox,TL VS FUT
Jremy,0.88,Lotus,TS VS DRX
pAura,0.88,Sunset,BBL VS M8
Laz,0.88,Icebox,TS VS ZETA
Derke,0.88,Bind,FNC VS GX
Sayf,0.88,Lotus,VIT VS NAVI
Fit1nho,0.87,Ascent,TL VS GX
Meteor,0.87,Split,GEN VS DRX
moose,0.87,Sunset,C9 VS LEV
sScary,0.87,Sunset,BLD VS ZETA
Zyppan,0.87,Split,TL VS NAVI
Carpe,0.87,Split,T1 VS DRX
RgLMeister,0.87,Sunset,KRU VS MIBR
Polvi,0.87,Breeze,GE VS TLN
tex,0.87,Icebox,C9 VS LEV
paTiTek,0.87,Sunset,BBL VS TH
Zellsis,0.87,Lotus,SEN VS LEV
JitBoyS,0.87,Icebox,BLD VS TLN
artzin,0.87,Sunset,KRU VS MIBR
Mistic,0.87,Split,TL VS NAVI
yetujey,0.87,Sunset,VIT VS FUT
Brave,0.86,Sunset,BBL VS TH
eeiu,0.86,Icebox,SEN VS 100T
yetujey,0.86,Ascent,VIT VS FUT
ardiis,0.86,Lotus,TL VS NAVI
yuran,0.86,Icebox,GE VS ZETA
Derke,0.86,Lotus,FNC VS TH
Victor,0.86,Breeze,NRG VS LOUD
Jemkin,0.86,Lotus,T1 VS RRQ
ban,0.86,Lotus,BLD VS TLN
RieNs,0.85,Icebox,FNC VS TH
invy,0.85,Breeze,TS VS RRQ
starxo,0.85,Ascent,KOI VS TL
Sayaplayer,0.85,Bind,T1 VS DRX
Kicks,0.85,Sunset,VIT VS FUT
hiroronn,0.85,Ascent,GE VS ZETA
hoody,0.85,Split,FNC VS GX
AtaKaptan,0.85,Icebox,TL VS FUT
Klaus,0.85,Lotus,KRU VS FUR
aspas,0.85,Sunset,C9 VS LEV
jzz,0.85,Sunset,KRU VS MIBR
MiniBoo,0.85,Split,BBL VS TH
fl1pzjder,0.85,Icebox,TS VS RRQ
purp0,0.85,Ascent,TL VS GX
iZu,0.85,Lotus,T1 VS PRX
paTiTek,0.84,Lotus,FNC VS TH
Carpe,0.84,Sunset,T1 VS DFM
Munchkin,0.84,Lotus,GEN VS PRX
Carpe,0.84,Lotus,T1 VS RRQ
paTiTek,0.84,Icebox,VIT VS TH
Sayaplayer,0.84,Bind,T1 VS PRX
Anthem,0.84,Split,BLD VS DFM
ardiis,0.84,Bind,VIT VS NAVI
bang,0.84,Split,SEN VS 100T
havoc,0.84,Split,NRG VS FUR
marteen,0.84,Breeze,KC VS FUT
t3xture,0.84,Icebox,GEN VS PRX
N4RRATE,0.84,Sunset,KC VS NAVI
Alfajer,0.84,Bind,FNC VS KOI
MAGNUM,0.83,Bind,KC VS NAVI
hiroronn,0.83,Sunset,BLD VS ZETA
tex,0.83,Lotus,SEN VS LEV
Kicks,0.83,Bind,VIT VS NAVI
Medusa,0.83,Lotus,GEN VS DFM
yay,0.83,Lotus,BLD VS ZETA
RieNs,0.83,Sunset,BBL VS TH
nAts,0.83,Lotus,TL VS GX
BORKUM,0.83,Lotus,TS VS ZETA
Zest,0.83,Lotus,BLD VS TLN
Meiy,0.83,Lotus,BLD VS DFM
cauanzin,0.83,Breeze,NRG VS LOUD
Keiko,0.83,Split,TL VS FUT
Deryeon,0.83,Lotus,BLD VS DFM
Apoth,0.83,Lotus,G2 VS EG
TakaS,0.83,Ascent,BBL VS M8
Jinggg,0.83,Lotus,GEN VS PRX
NDG,0.83,Lotus,TS VS ZETA
Less,0.83,Sunset,NRG VS LOUD
JitBoyS,0.83,Ascent,GEN VS TLN
Boo,0.82,Sunset,BBL VS TH
mazin,0.82,Icebox,KRU VS MIBR
Benkai,0.82,Ascent,GE VS DRX
paTiTek,0.82,Breeze,VIT VS TH
C0M,0.82,Lotus,SEN VS LEV
ANGE1,0.82,Split,TL VS NAVI
Meteor,0.82,Ascent,GEN VS TLN
RieNs,0.82,Icebox,VIT VS TH
sh1n,0.82,Split,KC VS NAVI
kamo,0.82,Bind,FNC VS KOI
t3xture,0.82,Split,GEN VS DRX
Derrek,0.82,Sunset,C9 VS EG
ban,0.82,Bind,BLD VS TLN
MrFaliN,0.82,Sunset,VIT VS FUT
OXY,0.82,Lotus,C9 VS EG
Boostio,0.81,Split,G2 VS 100T
moose,0.81,Sunset,C9 VS EG
zekken,0.81,Icebox,SEN VS 100T
Derke,0.81,Split,FNC VS GX
grubinho,0.81,Ascent,KOI VS TL
ShadoW,0.81,Breeze,BBL VS KOI
MAGNUM,0.81,Split,KC VS NAVI
saadhak,0.81,Breeze,NRG VS LOUD
benjyfishy,0.81,Icebox,VIT VS TH
ShadoW,0.81,Icebox,FNC VS KOI
Khalil,0.8,Breeze,NRG VS FUR
Retla,0.8,Ascent,BLD VS DFM
purp0,0.8,Icebox,TL VS GX
Rossy,0.8,Lotus,T1 VS RRQ
starxo,0.8,Icebox,FNC VS KOI
Munchkin,0.8,Bind,GEN VS DRX
Mistic,0.8,Split,TL VS FUT
Meteor,0.8,Bind,GEN VS PRX
Zest,0.8,Lotus,BLD VS DFM
Fit1nho,0.79,Split,FNC VS GX
blaZek1ng,0.79,Icebox,GE VS TLN
Wailers,0.79,Sunset,BBL VS M8
Zest,0.79,Icebox,BLD VS TLN
ShadoW,0.79,Split,KOI VS TL
neth,0.79,Split,BLD VS DFM
Jamppi,0.79,Icebox,TL VS GX
Chronicle,0.79,Icebox,FNC VS TH
Jremy,0.79,Sunset,TS VS DRX
Jemkin,0.79,Ascent,T1 VS RRQ
SugarZ3ro,0.79,Icebox,GE VS ZETA
JessieVash,0.78,Breeze,TS VS RRQ
Enzo,0.78,Split,TL VS NAVI
Mazino,0.78,Ascent,C9 VS LEV
Medusa,0.78,Split,BLD VS DFM
hoody,0.78,Icebox,TL VS GX
Sayaplayer,0.78,Sunset,T1 VS DFM
Jamppi,0.78,Ascent,TL VS NAVI
xffero,0.78,Lotus,T1 VS RRQ
Mazino,0.77,Icebox,SEN VS LEV
nzr,0.77,Icebox,KRU VS FUR
Ethan,0.77,Breeze,NRG VS LOUD
hoody,0.77,Sunset,KC VS GX
fl1pzjder,0.77,Ascent,T1 VS RRQ
mazin,0.77,Sunset,KRU VS MIBR
jawgemo,0.77,Icebox,G2 VS EG
Munchkin,0.77,Bind,GEN VS PRX
yuran,0.77,Sunset,BLD VS ZETA
tex,0.76,Sunset,C9 VS LEV
neth,0.76,Split,GEN VS DFM
Foxy9,0.76,Ascent,GEN VS DRX
qRaxs,0.76,Sunset,VIT VS FUT
reazy,0.76,Sunset,BBL VS M8
hoody,0.76,Ascent,TL VS GX
runi,0.76,Icebox,C9 VS LEV
Sayaplayer,0.76,Split,T1 VS DRX
blaZek1ng,0.76,Breeze,GE VS TLN
Deryeon,0.76,Lotus,BLD VS ZETA
Quick,0.76,Breeze,NRG VS LOUD
Xeppaa,0.76,Lotus,C9 VS EG
yay,0.76,Icebox,BLD VS RRQ
JitBoyS,0.75,Lotus,GEN VS TLN
yay,0.75,Sunset,BLD VS ZETA
sh1n,0.75,Sunset,KC VS NAVI
valyn,0.75,Split,G2 VS 100T
crashies,0.75,Breeze,NRG VS FUR
NDG,0.75,Sunset,TS VS DRX
Jamppi,0.75,Split,TL VS FUT
QutionerX,0.74,Ascent,BBL VS M8
Kicks,0.74,Icebox,VIT VS FUT
iZu,0.74,Bind,T1 VS PRX
Asuna,0.74,Icebox,SEN VS 100T
Rossy,0.74,Breeze,T1 VS DRX
Estrella,0.74,Icebox,BLD VS RRQ
ANGE1,0.74,Lotus,VIT VS NAVI
Anthem,0.74,Ascent,BLD VS DFM
ban,0.74,Breeze,GE VS TLN
Meiy,0.74,Split,GEN VS DFM
Xeppaa,0.74,Icebox,C9 VS LEV
Kicks,0.74,Lotus,VIT VS NAVI
MiniBoo,0.74,Lotus,FNC VS TH
C0M,0.74,Sunset,C9 VS LEV
Lakia,0.74,Bind,GEN VS DRX
JonahP,0.73,Split,G2 VS 100T
Jamppi,0.73,Split,TL VS NAVI
vanity,0.73,Ascent,C9 VS LEV
ShadoW,0.73,Icebox,BBL VS KOI
Sacy,0.73,Icebox,SEN VS LEV
Fit1nho,0.72,Bind,FNC VS GX
Foxy9,0.72,Bind,T1 VS DRX
sh1n,0.72,Bind,KC VS NAVI
Shao,0.72,Bind,KC VS NAVI
nAts,0.72,Ascent,TL VS NAVI
t3xture,0.72,Bind,GEN VS PRX
tomaszy,0.72,Breeze,KC VS FUT
Keiko,0.72,Ascent,TL VS NAVI
TenZ,0.72,Lotus,SEN VS LEV
Crws,0.72,Icebox,GE VS TLN
Carpe,0.71,Breeze,T1 VS DRX
Wailers,0.71,Icebox,KC VS M8
beyAz,0.71,Breeze,M8 VS FNC
Benkai,0.71,Lotus,GE VS TLN
nAts,0.71,Ascent,TL VS GX
yay,0.71,Lotus,BLD VS DFM
nAts,0.71,Split,TL VS FUT
grubinho,0.71,Icebox,BBL VS KOI
logaN,0.71,Split,KC VS M8
Surf,0.7,Lotus,GE VS TLN
johnqt,0.7,Icebox,SEN VS LEV
xccurate,0.7,Ascent,T1 VS DFM
C0M,0.7,Ascent,C9 VS LEV
Redgar,0.7,Bind,FNC VS GX
marteen,0.7,Sunset,KC VS GX
yuran,0.7,Icebox,TS VS ZETA
Meteor,0.7,Icebox,GEN VS PRX
runneR,0.69,Sunset,VIT VS TH
iZu,0.69,Ascent,T1 VS DFM
mwzera,0.69,Breeze,KRU VS FUR
xffero,0.69,Ascent,T1 VS RRQ
sheydos,0.69,Breeze,BBL VS KOI
BORKUM,0.69,Sunset,TS VS DRX
QutionerX,0.69,Breeze,BBL VS KOI
Surf,0.69,Lotus,BLD VS TLN
Alfajer,0.69,Breeze,M8 VS FNC
trexx,0.69,Sunset,VIT VS TH
starxo,0.68,Split,KOI VS TL
Crws,0.68,Ascent,GEN VS TLN
Foxy9,0.68,Breeze,T1 VS DRX
Retla,0.68,Lotus,BLD VS RRQ
JitBoyS,0.68,Icebox,GE VS TLN
supamen,0.68,Lotus,G2 VS EG
Lakia,0.68,Bind,GEN VS PRX
OXY,0.67,Icebox,C9 VS LEV
Khalil,0.67,Lotus,KRU VS FUR
marteen,0.67,Lotus,KC VS FUT
Derrek,0.67,Split,C9 VS EG
Leo,0.67,Breeze,FNC VS GX
TakaS,0.67,Icebox,KC VS M8
nzr,0.67,Breeze,KRU VS FUR
Polvi,0.67,Lotus,GE VS TLN
Anthem,0.67,Lotus,GEN VS DFM
blaZek1ng,0.67,Ascent,GE VS DRX
SSeeS,0.67,Split,GEN VS DFM
AtaKaptan,0.66,Bind,KC VS FUT
JessieVash,0.66,Lotus,TS VS DRX
kon4n,0.66,Lotus,KRU VS FUR
jawgemo,0.66,Split,C9 VS EG
invy,0.66,Lotus,TS VS ZETA
Medusa,0.66,Lotus,T1 VS DFM
hoody,0.65,Breeze,KC VS GX
Chronicle,0.65,Breeze,FNC VS GX
Brave,0.65,Ascent,BBL VS M8
icy,0.65,Lotus,G2 VS EG
logaN,0.65,Lotus,M8 VS FNC
reazy,0.65,Ascent,BBL VS M8
sh1n,0.65,Breeze,KC VS FUT
Wailers,0.65,Breeze,M8 VS FNC
MAGNUM,0.64,Lotus,KC VS FUT
stax,0.64,Ascent,GE VS DRX
Redgar,0.64,Lotus,TL VS GX
Mistic,0.64,Icebox,TL VS FUT
ShadoW,0.64,Bind,FNC VS KOI
mwzera,0.64,Lotus,KRU VS FUR
blaZek1ng,0.64,Lotus,GE VS DRX
benjyfishy,0.64,Split,BBL VS TH
Lightningfast,0.64,Lotus,GE VS DRX
NaturE,0.63,Split,C9 VS EG
marteen,0.63,Sunset,KC VS NAVI
Enzo,0.63,Split,TL VS FUT
Rossy,0.63,Split,T1 VS DRX
kon4n,0.63,Breeze,KRU VS FUR
Zest,0.63,Bind,BLD VS TLN
Cloud,0.63,Split,FNC VS GX
RgLMeister,0.63,Icebox,KRU VS MIBR
Redgar,0.63,Split,FNC VS GX
Dep,0.62,Ascent,BLD VS ZETA
tuyz,0.62,Sunset,NRG VS LOUD
kamo,0.62,Ascent,KOI VS TL
Klaus,0.62,Icebox,KRU VS FUR
Karon,0.62,Split,GEN VS DRX
neth,0.62,Lotus,T1 VS DFM
blaZek1ng,0.62,Sunset,GE VS ZETA
jawgemo,0.61,Sunset,C9 VS EG
Apoth,0.61,Split,C9 VS EG
Deryeon,0.61,Bind,BLD VS TLN
saadhak,0.61,Sunset,NRG VS LOUD
Asuna,0.61,Bind,G2 VS 100T
Khalil,0.61,Split,NRG VS FUR
Cloud,0.61,Bind,FNC VS GX
SugarZ3ro,0.61,Sunset,TS VS ZETA
Polvi,0.61,Ascent,GE VS ZETA
pAura,0.61,Icebox,BBL VS KOI
havoc,0.6,Breeze,KRU VS FUR
Governor,0.6,Ascent,GEN VS TLN
vanity,0.6,Icebox,C9 VS LEV
icy,0.6,Split,G2 VS 100T
N4RRATE,0.6,Split,KC VS NAVI
Fit1nho,0.6,Breeze,KC VS GX
fl1pzjder,0.6,Split,TS VS RRQ
beyAz,0.59,Split,KC VS M8
cauanzin,0.59,Sunset,NRG VS LOUD
Zyppan,0.59,Bind,VIT VS NAVI
Zyppan,0.59,Sunset,KC VS NAVI
Boo,0.59,Icebox,VIT VS TH
starxo,0.59,Icebox,BBL VS KOI
SSeeS,0.59,Ascent,BLD VS DFM
havoc,0.58,Lotus,KRU VS FUR
Carpe,0.58,Bind,T1 VS DRX
trexx,0.58,Lotus,VIT VS NAVI
zekken,0.58,Lotus,SEN VS LEV
yay,0.58,Lotus,BLD VS RRQ
Zest,0.58,Icebox,BLD VS RRQ
Boaster,0.57,Breeze,FNC VS GX
neth,0.57,Lotus,GEN VS DFM
blaZek1ng,0.57,Icebox,GE VS ZETA
supamen,0.57,Icebox,G2 VS EG
Karon,0.56,Lotus,GEN VS PRX
ANGE1,0.56,Bind,KC VS NAVI
Alfajer,0.55,Icebox,FNC VS TH
TakaS,0.55,Split,KC VS M8
AtaKaptan,0.55,Sunset,VIT VS FUT
fl1pzjder,0.55,Icebox,BLD VS RRQ
Polvi,0.55,Sunset,GE VS ZETA
Lmemore,0.54,Split,TS VS RRQ
supamen,0.54,Sunset,C9 VS EG
Mazino,0.54,Sunset,C9 VS LEV
kamo,0.54,Icebox,FNC VS KOI
Brave,0.53,Sunset,BBL VS M8
Surf,0.53,Lotus,GEN VS TLN
iZu,0.53,Bind,T1 VS DRX
fl1pzjder,0.53,Lotus,T1 VS RRQ
Cloud,0.53,Icebox,TL VS GX
jawgemo,0.53,Lotus,G2 VS EG
Quick,0.53,Sunset,NRG VS LOUD
Deryeon,0.53,Lotus,BLD VS RRQ
Carpe,0.53,Lotus,T1 VS PRX
Lightningfast,0.52,Sunset,GE VS ZETA
Governor,0.52,Lotus,BLD VS TLN
Lakia,0.52,Split,GEN VS DRX
xccurate,0.52,Split,T1 VS DRX
tomaszy,0.51,Lotus,KC VS FUT
Boaster,0.51,Icebox,FNC VS TH
Medusa,0.5,Ascent,BLD VS DFM
Wailers,0.5,Split,KC VS M8
sheydos,0.5,Icebox,FNC VS KOI
beyAz,0.5,Lotus,M8 VS FNC
ban,0.5,Icebox,GE VS TLN
kon4n,0.5,Split,NRG VS FUR
supamen,0.49,Split,C9 VS EG
hiroronn,0.49,Ascent,BLD VS ZETA
benjyfishy,0.49,Breeze,VIT VS TH
vanity,0.49,Lotus,C9 VS EG
Boostio,0.48,Icebox,SEN VS 100T
havoc,0.48,Breeze,NRG VS FUR
TakaS,0.47,Breeze,M8 VS FNC
SSeeS,0.47,Lotus,GEN VS DFM
Redgar,0.47,Breeze,KC VS GX
mwzera,0.47,Split,NRG VS FUR
Anthem,0.46,Lotus,T1 VS DFM
Polvi,0.45,Lotus,GE VS DRX
neth,0.45,Ascent,BLD VS DFM
Russ,0.45,Lotus,GE VS TLN
MiniBoo,0.44,Sunset,BBL VS TH
Russ,0.43,Sunset,GE VS ZETA
purp0,0.43,Breeze,KC VS GX
Surf,0.42,Icebox,GE VS TLN
Estrella,0.42,Split,TS VS RRQ
Retla,0.42,Icebox,BLD VS RRQ
Estrella,0.42,Ascent,T1 VS RRQ
Mistic,0.42,Ascent,TL VS NAVI
Derrek,0.42,Icebox,G2 VS EG
NDG,0.42,Lotus,TS VS DRX
Boo,0.41,Sunset,VIT VS TH
Boostio,0.4,Split,SEN VS 100T
iZu,0.38,Split,T1 VS DRX
TakaS,0.35,Lotus,M8 VS FNC
kamo,0.35,Breeze,BBL VS KOI
Benkai,0.33,Sunset,GE VS ZETA
runneR,0.33,Ascent,VIT VS FUT
Retla,0.3,Icebox,BLD VS TLN
Derke,0.3,Breeze,FNC VS GX
Redgar,0.29,Sunset,KC VS GX
ceNder,0.28,Lotus,VIT VS NAVI
Zest,0.28,Lotus,BLD VS RRQ
Wailers,0.28,Lotus,M8 VS FNC
ANGE1,0.24,Lotus,TL VS NAVI
beyAz,0.16,Icebox,KC VS M8
Apoth,0.12,Icebox,G2 VS EG
JessieVash,0.09,Lotus,TS VS ZETA
